district_code,taluk_code,town_code,ward_code,block_code,street_code,survey_number,subdivision_number,old_subdivision_number,old_survey_number,double_crop_flag,partition_indicator,door_number,government_priority_flag,land_type_code,irrigation_source_code,tax_rate_code,primary_soil_type,secondary_soil_type,soil_class_code,tax_per_hectare,extent_unit,extent_value_1,extent_value_2,extent_value_3,total_tax,patta_number,coss_block_code,land_use_code,remarks,remarks1,new_patta_number,old_patta_number,form6_number,form7_number,form8_number,relinquishment_number,assignment_number,alienation_number,acquisition_number,assessed_flag,cultivable_flag,last_updated_datetime,user_number,descriptive_remark_code,descriptive_land_use,municipal_tax,new_door_number
28,01,001,002,0015,0008,1343,0,,1343,N,P,.,1,3,"",0,0,"","",0.00,2,0,21,58.0,0.00,0,0,16,ரோடு,"",,,,,,,,,,Y,Y,2018-10-06 15:59:42.7+05:30,60,,"",0.00,
28,01,001,002,0015,0008,1344,1,,1344/1,N,P,47,1,3,"",0,8,2,4,2.00,2,0,7,76.0,2.00,8021,0,16,காலியிடம்,"",,,,,,,,,,Y,Y,2018-10-06 16:01:15.501+05:30,60,,"",0.00,
28,01,001,002,0015,0008,1344,2,,1344/2,N,P,.,1,3,"",0,0,"","",0.00,2,0,0,34.5,0.00,0,0,16,கடை,"",,,,,,,,,,Y,Y,2018-10-06 16:02:05.872+05:30,60,,"",0.00,
28,01,001,002,0015,0008,1345,1,,1345/1,N,P,.,2,2,"",0,8,2,4,2.00,2,0,0,80.5,2.00,8022,0,16,ஓட்டுசெட்காலியிடம்,-TR.NO/2022/0169/28/009674,,,2022/0169/28/009674,,,,,,,Y,Y,2022-07-14 21:11:11.513+05:30,60,,"",0.00,
28,01,001,002,0015,0008,1345,2,,1345/2,Y,P,45a                 ,2,2,  ,0,8,2 ,4 ,2.00,2,0,6,66.0,2.00,8023,0,16,மட்டப்பாவீடு காலியிடம்,-TR.NO/2022/0169/28/009684,,,2022/0169/28/009684,,,,,,,Y,N,2022-07-14 21:11:11.513+05:30,60,,"",,
28,01,001,002,0015,0008,1345,3,,1345/2,Y,P,45a                 ,2,2,  ,0,8,2 ,4 ,2.00,2,0,3,77.5,2.00,8024,0,16,மட்டப்பாவீடு காலியிடம்,-TR.NO/2022/0169/28/009703,,,2022/0169/28/009703,,,,,,,Y,N,2022-07-14 21:11:11.513+05:30,60,,"",,
28,01,001,002,0015,0008,1346,1,,1345/2,Y,P,45a                 ,2,2,  ,0,8,2 ,4 ,2.00,2,0,8,42.5,2.00,8025,0,16,கோழிப்பண்ணை காலியிடம்,-TR.NO/2022/0169/28/009712,,,2022/0169/28/009712,,,,,,,Y,N,2022-07-14 21:11:11.513+05:30,60,,"",,
28,01,001,002,0015,0008,1346,2,,1345/2,Y,P,45a                 ,2,2,  ,0,8,2 ,4 ,2.00,2,0,0,20.0,2.00,8026,0,16,கடை,-TR.NO/2022/0169/28/009735,,,2022/0169/28/009735,,,,,,,Y,N,2022-07-14 21:11:11.513+05:30,60,,"",,
28,01,001,002,0015,0008,1347,0,,"",N,P,                    ,2,2,  ,-,0,"","",0.00,2,0,8,0.0,0.00,8027,0,16,உப்புமில்காலியிடம்,"",,,,,,,,,,N,N,2018-04-16 11:46:29+05:30,60,,"",,
28,01,001,002,0015,0008,1348,1,,1348PT,Y,P,24a                 ,2,2,  ,0,0,"","",0.77,2,0,2,52.5,0.00,65220,0,16,கடை காலியிடம்,-TR.NO/2022/0169/28/021265,,,2022/0169/28/021265,,,,,,,Y,N,2022-07-22 18:24:52.593+05:30,60,,"",,
28,01,001,002,0015,0008,1348,2,,1348PT,Y,P,.                   ,2,2,  ,0,0,"","",0.77,2,0,0,64.0,0.00,65221,0,16,புஸ்த்திரோடு கட்டிடம் காலியிடம்,-TR.NO/2022/0169/28/021275,,,2022/0169/28/021275,,,,,,,Y,N,2022-07-22 18:24:58.633+05:30,60,,"",,
28,01,001,002,0015,0008,1349,1,,1349/PT,Y,P,23a                 ,2,2,  ,0,8,2 ,4 ,0.77,2,0,0,59.0,0.77,8028,0,16,மட்டப்பாவீடு காலியிடம்,-TR.NO/2022/0169/28/021276,,,2022/0169/28/021276,,,,,,,Y,N,2022-07-22 18:24:58.633+05:30,60,,"",,
28,01,001,002,0015,0008,1349,2,,1349/PT,Y,P,.                   ,2,2,  ,0,8,2 ,4 ,0.77,2,0,0,65.0,0.77,8029,0,16,பாதை காலிடம்,-TR.NO/2022/0169/28/021277,,,2022/0169/28/021277,,,,,,,Y,N,2022-07-22 18:24:58.633+05:30,60,,"",,
28,01,001,002,0015,0008,1349,3,,1349/PT,Y,P,24/1                ,2,2,  ,0,8,2 ,4 ,0.77,2,0,0,61.0,0.77,8030,0,16,மட்டப்பா வீடு,-TR.NO/2022/0169/28/021278,,,2022/0169/28/021278,,,,,,,Y,N,2022-07-22 18:24:58.633+05:30,60,,"",,
28,01,001,002,0015,0008,1349,4,,1349/PT,Y,P,22                  ,2,2,  ,0,8,2 ,4 ,0.77,2,0,0,9.5,0.77,8031,0,16,கடை,-TR.NO/2022/0169/28/021282,,,2022/0169/28/021282,,,,,,,Y,N,2022-07-22 18:25:05.42+05:30,60,,"",,
28,01,001,002,0015,0008,1349,5,,1349/PT,Y,P,23                  ,2,2,  ,0,8,2 ,4 ,0.77,2,0,0,10.0,0.77,8032,0,16,கடை,2024/0153/28/003095TR DT. 2024-11-26,,,2024/0153/28/003095,,,,,,,Y,N,2024-11-26 12:02:15.464+05:30,60,,"",,""
28,01,001,002,0015,0008,1349,6,,1349/PT,Y,P,.                   ,2,2,  ,0,8,2 ,4 ,0.77,2,0,0,11.5,0.77,8033,0,16,புஸ்த்தி தெரு,-TR.NO/2022/0169/28/021280,,,2022/0169/28/021280,,,,,,,Y,N,2022-07-22 18:24:58.633+05:30,60,,"",,
28,01,001,002,0015,0008,1350,1,,1350/PT,Y,P,.                   ,2,2,  ,0,8,2 ,4 ,0.77,2,0,0,19.0,0.77,8034,0,16,ஓடுவீடு நடைபாதைஅடுப்பு,-TR.NO/2022/0169/28/021281,,,2022/0169/28/021281,,,,,,,Y,N,2022-07-22 18:24:58.633+05:30,60,,"",,
28,01,001,002,0015,0008,1350,2,,1350/PT,Y,P,23/5a               ,2,2,  ,0,8,2 ,4 ,0.77,2,0,0,34.5,0.77,8035,0,16,ஓடுவீடு,-TR.NO/2022/0169/28/021283,,,2022/0169/28/021283,,,,,,,Y,N,2022-07-22 18:25:05.42+05:30,60,,"",,
28,01,001,002,0015,0008,1350,3,,1350/PT,Y,P,/5b                 ,2,2,  ,0,8,2 ,4 ,0.77,2,0,0,36.0,0.77,8036,0,16,ஓடுவீடு,2023/0153/28/002263TR DT. 2023-09-23,,,2023/0153/28/002263,,,,,,,Y,N,2023-09-23 07:12:42.147+05:30,60,,"",,""
28,01,001,002,0015,0008,1350,4,,1350/PT,Y,P,23/6                ,2,2,  ,0,8,2 ,4 ,0.77,2,0,0,43.5,0.77,8037,0,16,ஓடு வீடு,2024/0153/28/003302TR DT. 2024-12-23,,,2024/0153/28/003302,,,,,,,Y,N,2024-12-23 16:31:20.238+05:30,60,,"",,""
28,01,001,002,0015,0008,1350,5,,1350/PT,Y,P,23/7                ,2,2,  ,0,8,2 ,4 ,0.77,2,0,0,42.0,0.77,8038,0,16,மட்டப்பாவீடு,-TR.NO/2022/0169/28/009760,,,2022/0169/28/009760,,,,,,,Y,N,2022-07-14 21:11:11.513+05:30,60,,"",,
28,01,001,002,0015,0008,1350,6,,1350/PT,Y,P,21                  ,2,2,  ,0,8,2 ,4 ,0.77,2,0,0,13.0,0.77,8039,0,16,கடை,-TR.NO/2022/0169/28/009775,,,2022/0169/28/009775,,,,,,,Y,N,2022-07-14 21:11:11.513+05:30,60,,"",,
28,01,001,002,0015,0008,1350,7,,1350/PT,Y,P,20                  ,2,2,  ,0,8,2 ,4 ,0.77,2,0,0,13.0,0.77,8040,0,15,கடை,-TR.NO/2022/0169/28/009729,,,2022/0169/28/009729,,,,,,,Y,N,2022-07-14 21:11:11.513+05:30,60,,"",,
28,01,001,002,0015,0008,1350,8,,1350/PT,Y,P,.                   ,2,2,  ,0,8,2 ,4 ,0.77,2,0,1,21.5,0.77,8041,0,16,பாதை,-TR.NO/2022/0169/28/009788,,,2022/0169/28/009788,,,,,,,Y,N,2022-07-14 21:11:11.513+05:30,60,,"",,
28,01,001,002,0015,0008,1351,1,,1351/1,Y,P,19                  ,2,2,  ,0,8,2 ,4 ,0.77,2,0,1,14.5,0.77,8042,0,16,மருத்துவகிளினிக்  காலியிடம்,-TR.NO/2022/0169/28/009792,,,2022/0169/28/009792,,,,,,,Y,N,2022-07-14 21:11:36.531+05:30,60,,"",,
28,01,001,002,0015,0008,1351,2,,1351/2,Y,P,19                  ,2,2,  ,0,8,2 ,4 ,0.77,2,0,1,17.0,0.77,8043,0,16,மருத்துவக்கிளினிக் காலியிடம்,-TR.NO/2022/0169/28/009796,,,2022/0169/28/009796,,,,,,,Y,N,2022-07-14 21:11:36.531+05:30,60,,"",,
28,01,001,002,0015,0008,1351,3A,,1351/3A,Y,P,.                   ,2,2,  ,0,8,2 ,4 ,0.77,2,0,0,47.0,0.77,8044,0,16,முற்றம் பாதை,-TR.NO/2022/0169/28/009800,,,2022/0169/28/009800,,,,,,,Y,N,2022-07-14 21:11:36.531+05:30,60,,"",,
28,01,001,002,0015,0008,1351,3B,,1351/3PT,Y,P,15d                 ,2,2,  ,0,8,2 ,4 ,0.77,2,0,0,26.0,0.77,8045,0,16,மட்டப்பா வீடு,-TR.NO/2022/0169/28/023924,,,2022/0169/28/023924,,,,,,,Y,N,2022-08-25 11:22:26.668+05:30,60,,"",,
28,01,001,002,0015,0008,1351,3C,,1351/3PT,Y,P,15c                 ,2,2,  ,0,8,2 ,4 ,0.77,2,0,0,14.0,0.77,8046,0,16,மட்டப்பா வீடு,-TR.NO/2022/0169/28/023926,,,2022/0169/28/023926,,,,,,,Y,N,2022-08-25 11:22:26.668+05:30,60,,"",,
28,01,001,002,0015,0008,1351,3D,,1351/3PT,Y,P,15b                 ,2,2,  ,0,8,2 ,4 ,0.77,2,0,0,46.0,0.77,8047,0,16,மட்டப்பா வீடு,-TR.NO/2022/0169/28/023927,,,2022/0169/28/023927,,,,,,,Y,N,2022-08-25 11:22:26.668+05:30,60,,"",,
28,01,001,002,0015,0008,1351,3E,,1351/3PT,Y,P,15a                 ,2,2,  ,0,8,2 ,4 ,0.77,2,0,0,31.0,0.77,8048,0,16,மட்டப்பா வீடு,-TR.NO/2022/0169/28/009805,,,2022/0169/28/009805,,,,,,,Y,N,2022-07-14 21:11:36.531+05:30,60,,"",,
28,01,001,002,0015,0008,1351,3F,,1351/3PT,Y,P,.                   ,2,2,  ,0,8,2 ,4 ,0.77,2,0,0,10.0,0.77,8049,0,16,முற்றம்,-TR.NO/2022/0169/28/009797,,,2022/0169/28/009797,,,,,,,Y,N,2022-07-14 21:11:36.531+05:30,60,,"",,
28,01,001,002,0015,0008,1351,3G,,1351/3PT,Y,P,15c                 ,2,2,  ,0,8,2 ,4 ,0.77,2,0,0,12.5,0.77,8050,0,16,கடை,-TR.NO/2022/0169/28/010018,,,2022/0169/28/010018,,,,,,,Y,N,2022-07-14 21:11:36.531+05:30,60,,"",,
28,01,001,002,0015,0008,1352,1A,,1352//1PT,Y,P,.                   ,2,2,  ,0,8,2 ,4 ,0.77,2,0,2,32.5,0.77,8051,0,16,வீடும் முற்றமும்,-TR.NO/2022/0169/28/010024,,,2022/0169/28/010024,,,,,,,Y,N,2022-07-14 21:11:36.531+05:30,60,,"",,
28,01,001,002,0015,0008,1352,1B,,1352/1PT,N,P,15d,1,2,"",0,0,"","",0.00,2,0,0,6.0,0.00,0,0,16,மட்டப்பா வீடு காலியிடம்,"",,,,,,,,,,Y,Y,2018-10-06 16:04:24.379+05:30,60,,"",0.00,
28,01,001,002,0015,0008,1352,1C,,1352/1PT,Y,P,15c                 ,1,2,  ,0,0,"","",0.00,2,0,0,5.0,0.00,0,0,16,மட்டப்பா வீடு,"",,,,,,,,,,Y,N,2018-04-16 15:27:56+05:30,60,,"",,
28,01,001,002,0015,0001,1352,1D,,1352/1PT,Y,P,15a                 ,1,5,  ,0,8,2 ,4 ,0.77,2,0,0,3.0,0.77,7579,0,16,காரை வீடு,"",,,,,,,,,,Y,N,2017-11-03 16:50:14+05:30,60,,"",,
28,01,001,002,0015,0008,1352,1E,,1352/1PT,Y,P,.                   ,2,2,  ,0,8,2 ,4 ,2.00,2,0,0,31.0,2.00,8052,0,16,பாதை,-TR.NO/2022/0169/28/025386,,,2022/0169/28/025386,,,,,,,Y,N,2022-08-25 11:22:26.668+05:30,60,,"",,
28,01,001,002,0015,0008,1352,1F,,1352/1PT,Y,P,.                   ,2,2,  ,0,8,2 ,4 ,0.91,2,0,0,14.5,0.91,8053,0,16,கடை,-TR.NO/2022/0169/28/010056,,,2022/0169/28/010056,,,,,,,Y,N,2022-07-14 21:11:56.55+05:30,60,,"",,
28,01,001,002,0015,0006,1352,1G,,1352/PT,Y,P,14c                 ,2,2,  ,0,8,2 ,4 ,0.77,2,0,0,15.0,0.77,7897,0,16,கடை,-TR.NO/2022/0169/28/010061,,,2022/0169/28/010061,,,,,,,Y,N,2022-07-14 21:11:56.55+05:30,60,,"",,
28,01,001,002,0015,0008,1352,2A,,1352/2PT,Y,P,7                   ,2,2,  ,0,8,2 ,4 ,0.77,2,0,0,69.0,0.77,8054,0,16,கடை,-TR.NO/2022/0169/28/010065,,,2022/0169/28/010065,,,,,,,Y,N,2022-07-14 21:11:56.55+05:30,60,,"",,
28,01,001,002,0015,0008,1352,2B,,1352/2PT,Y,P,8                   ,2,2,  ,0,8,2 ,6 ,0.77,2,0,0,69.0,0.77,8055,0,16,மட்டப்பா வீடு,-TR.NO/2022/0169/28/010058,,,2022/0169/28/010058,,,,,,,Y,N,2022-07-14 21:11:56.55+05:30,60,,"",,
28,01,001,002,0015,0008,1352,2C,,1352/2PT,Y,P,11                  ,2,2,  ,0,8,2 ,4 ,0.77,2,0,0,76.5,0.77,8056,0,16,காரை வீடு,-TR.NO/2022/0169/28/010050,,,2022/0169/28/010050,,,,,,,Y,N,2022-07-14 21:11:56.55+05:30,60,,"",,
28,01,001,002,0015,0008,1352,2D,,1352/2PT,Y,P,14                  ,2,2,  ,0,8,2 ,4 ,0.77,2,0,0,13.5,0.77,8057,0,16,கடை,-TR.NO/2022/0169/28/010036,,,2022/0169/28/010036,,,,,,,Y,N,2022-07-14 21:11:36.531+05:30,60,,"",,
28,01,001,002,0015,0008,1352,2E,,1352/2PT,Y,P,13                  ,2,2,  ,0,8,2 ,4 ,0.77,2,0,0,10.5,0.77,8058,0,16,கடை,-TR.NO/2022/0169/28/010028,,,2022/0169/28/010028,,,,,,,Y,N,2022-07-14 21:11:36.531+05:30,60,,"",,
28,01,001,002,0015,0008,1352,2F,,1352/2PT,Y,P,12                  ,2,2,  ,0,8,2 ,4 ,0.77,2,0,0,11.5,0.77,8059,0,16,கடை,-TR.NO/2022/0169/28/010020,,,2022/0169/28/010020,,,,,,,Y,N,2022-07-14 21:11:36.531+05:30,60,,"",,
28,01,001,002,0015,0008,1352,2G,,1352/2PT,Y,P,.                   ,2,2,  ,0,8,2 ,4 ,0.77,2,0,0,72.0,0.77,8060,0,16,பாதை,-TR.NO/2022/0169/28/010075,,,2022/0169/28/010075,,,,,,,Y,N,2022-07-14 21:11:56.55+05:30,60,,"",,
28,01,001,002,0015,0008,1353,1A,,1353/1PT,Y,P,.                   ,1,2,  ,0,0,"","",0.00,2,0,3,29.0,0.00,0,0,16,பிள்ளையார் கோவில் காலியிடம்,"",,,,,,,,,,Y,N,2018-04-16 16:23:11+05:30,60,,"",,
28,01,001,002,0015,0006,1353,1B,,1353/1PT,Y,P,6                   ,2,2,  ,0,8,2 ,4 ,0.77,2,0,0,26.0,0.77,7898,0,16,கடை,-TR.NO/2022/0169/28/010085,,,2022/0169/28/010085,,,,,,,Y,N,2022-07-14 21:11:56.55+05:30,60,,"",,
28,01,001,002,0015,0006,1353,1C,,1353/1PT,Y,P,5                   ,2,2,  ,0,8,2 ,4 ,0.77,2,0,0,39.5,0.77,7899,0,16,கடை,-TR.NO/2022/0169/28/010091,,,2022/0169/28/010091,,,,,,,Y,N,2022-07-14 21:11:56.55+05:30,60,,"",,
28,01,001,002,0015,0006,1353,1D,,1353/1PT,Y,P,4                   ,2,2,  ,0,8,2 ,4 ,0.77,2,0,0,19.0,0.77,7900,0,16,கடை,-TR.NO/2022/0169/28/010098,,,2022/0169/28/010098,,,,,,,Y,N,2022-07-14 21:12:17.571+05:30,60,,"",,
28,01,001,002,0015,0006,1353,1E,,1353/1PT,Y,P,3                   ,2,2,  ,0,8,2 ,4 ,0.77,2,0,0,19.0,0.77,7901,0,16,கடை,-TR.NO/2022/0169/28/010104,,,2022/0169/28/010104,,,,,,,Y,N,2022-07-14 21:12:17.571+05:30,60,,"",,
28,01,001,002,0015,0006,1353,1F,,1353/1PT,Y,P,2b                  ,2,2,  ,0,8,2 ,4 ,0.77,2,0,0,42.5,0.77,7902,0,16,கடை,-TR.NO/2022/0169/28/010110,,,2022/0169/28/010110,,,,,,,Y,N,2022-07-14 21:12:17.571+05:30,60,,"",,
28,01,001,002,0015,0006,1353,1G,,1353/1PT,Y,P,2                   ,2,2,  ,0,8,2 ,4 ,0.77,2,0,0,10.0,0.77,7903,0,16,கடை,-TR.NO/2022/0169/28/010121,,,2022/0169/28/010121,,,,,,,Y,N,2022-07-14 21:12:17.571+05:30,60,,"",,
28,01,001,002,0015,0006,1353,1H,,1353/1PT,Y,P,.                   ,2,2,  ,0,8,2 ,4 ,0.77,2,0,0,15.0,0.77,7904,0,16,காலிமனை,-TR.NO/2022/0169/28/010127,,,2022/0169/28/010127,,,,,,,Y,N,2022-07-14 21:12:17.571+05:30,60,,"",,
28,01,001,002,0015,0006,1353,2,,1353/2,Y,P,.                   ,1,3,  ,0,0,  ,  ,0.00,2,0,0,5.0,0.00,0,0,  ,தெரு,"",,,,,,,,,,Y,N,2018-04-16 16:53:09+05:30,60,,"",,
28,01,001,002,0015,0006,1354,0,,1354,Y,P,.                   ,1,3,  ,0,0,"","",0.00,2,0,3,51.0,0.00,0,0,16,தெரு,"",,,,,,,,,,Y,N,2018-04-16 16:57:35+05:30,60,,"",,
28,01,001,002,0015,0006,1355,1A,,1355/1A, ,,.,2,2,"",0,8,2 ,4,0.77,,0,44,95.0,0.77,7905,0,16,காலியிடம்,2026/0153/28/000160TR DT. 2026-02-02 2026/0153/28/000899TR DT. 2026-05-14,,,2026/0153/28/000899,,,,,,,Y,N,2026-05-14 09:57:40.425+05:30,,,"",0.00,""
28,01,001,002,0015,0002,1355,1B1,,1355/1BPT,N,P,31,2,2,"",0,8,2,4,0.77,2,0,0,38.0,0.77,7597,0,16,மட்டப்பா வீடு,-TR.NO/2022/0169/28/010115,,,2022/0169/28/010115,,,,,,,Y,Y,2022-07-14 21:12:17.571+05:30,60,,"",0.00,
28,01,001,002,0015,0002,1355,1B10,,1355/1BPT,Y,P,35                  ,2,2,  ,0,8,2 ,4 ,2.00,2,0,0,21.5,2.00,7598,0,16,ஓட்டுவீடு,-TR.NO/2022/0169/28/019845,,,2022/0169/28/019845,,,,,,,Y,N,2022-07-18 21:54:40.416+05:30,60,,"",,
28,01,001,002,0015,0002,1355,1B11,,1355/1BPT,Y,P,36                  ,2,2,  ,0,8,2 ,4 ,2.00,2,0,0,21.5,2.00,7599,0,16,ஓட்டுவீடு,-TR.NO/2022/0169/28/019846,,,2022/0169/28/019846,,,,,,,Y,N,2022-07-18 21:54:40.416+05:30,60,,"",,
28,01,001,002,0015,0002,1355,1B12,,1355/1BPT,Y,P,37                  ,2,2,  ,0,8,2 ,4 ,2.00,2,0,0,25.5,2.00,7600,0,16,ஓட்டுவீடு,-TR.NO/2022/0169/28/019847,,,2022/0169/28/019847,,,,,,,Y,N,2022-07-18 21:54:40.416+05:30,60,,"",,
28,01,001,002,0015,0002,1355,1B13,,1355/1BPT,Y,P,38                  ,2,2,  ,0,8,2 ,4 ,2.00,2,0,0,24.0,2.00,7601,0,16,ஓட்டுவீடு,-TR.NO/2022/0169/28/019849,,,2022/0169/28/019849,,,,,,,Y,N,2022-07-18 21:54:40.416+05:30,60,,"",,
28,01,001,002,0015,0002,1355,1B14,,1355/1BPT,Y,P,39                  ,2,2,  ,0,8,2 ,4 ,2.00,2,0,0,41.0,2.00,7602,0,16,ஓட்டுவீடு,-TR.NO/2022/0169/28/019852,,,2022/0169/28/019852,,,,,,,Y,N,2022-07-18 21:54:40.416+05:30,60,,"",,
28,01,001,002,0015,0002,1355,1B15,,1355/1BPT,Y,P,41                  ,2,2,  ,0,8,2 ,4 ,2.00,2,0,0,32.5,2.00,7603,0,16,ஒட்டுவீடு,-TR.NO/2022/0169/28/019854,,,2022/0169/28/019854,,,,,,,Y,N,2022-07-18 21:54:40.416+05:30,60,,"",,
28,01,001,002,0015,0002,1355,1B2,,1355/1BPT,Y,P,31                  ,2,2,  ,0,8,2 ,4 ,0.77,2,0,0,30.0,0.77,7604,0,16,மட்டப்பாவீடு,-TR.NO/2022/0169/28/010109,,,2022/0169/28/010109,,,,,,,Y,N,2022-07-14 21:12:17.571+05:30,60,,"",,
28,01,001,002,0015,0002,1355,1B3,,1355/1BPT,Y,P,30                  ,2,2,  ,0,8,2 ,4 ,0.77,2,0,0,26.0,0.77,7605,0,16,மட்டப்பாவீடு,-TR.NO/2022/0169/28/010100,,,2022/0169/28/010100,,,,,,,Y,N,2022-07-14 21:12:17.571+05:30,60,,"",,
28,01,001,002,0015,0002,1355,1B4,,1355/1BPT,Y,P,29                  ,2,2,  ,0,0,"","",0.77,2,0,0,27.5,0.00,7606,0,16,மட்டப்பாவீடு,-TR.NO/2022/0169/28/010088,,,2022/0169/28/010088,,,,,,,Y,N,2022-07-14 21:11:56.55+05:30,60,,"",,
28,01,001,002,0015,0002,1355,1B5,,1355/1BPT,Y,P,28                  ,2,2,  ,0,0,"","",0.00,2,0,0,27.5,0.00,7607,0,16,மட்டப்பாவீடு,-TR.NO/2022/0169/28/010080,,,2022/0169/28/010080,,,,,,,Y,N,2022-07-14 21:11:56.55+05:30,60,,"",,
28,01,001,002,0015,0002,1355,1B6,,1355/1BPT,Y,P,27a                 ,2,2,  ,0,0,"","",0.00,2,0,0,19.0,0.00,7608,0,16,மட்டப்பாவீடு,-TR.NO/2022/0169/28/019903,,,2022/0169/28/019903,,,,,,,Y,N,2022-07-18 21:55:20.536+05:30,60,,"",,
28,01,001,002,0015,0002,1355,1B7,,1355/1BPT,Y,P,.                   ,2,2,  ,0,0,"","",0.00,2,0,1,17.5,0.00,7609,0,16,கழிப்பிடம்பாதை,-TR.NO/2022/0169/28/019906,,,2022/0169/28/019906,,,,,,,Y,N,2022-07-18 21:55:20.536+05:30,60,,"",,
28,01,001,002,0015,0002,1355,1B8,,1355/1BPT,Y,P,33                  ,2,2,  ,0,8,2 ,4 ,2.00,2,0,0,27.0,2.00,7610,0,16,காரைவீடு,-TR.NO/2022/0169/28/019908,,,2022/0169/28/019908,,,,,,,Y,N,2022-07-18 21:55:20.536+05:30,60,,"",,
28,01,001,002,0015,0002,1355,1B9,,1355/1BPT,Y,P,34                  ,2,2,  ,0,8,2 ,4 ,2.00,2,0,0,20.5,2.00,7611,0,16,ஓட்டுவீடு,-TR.NO/2022/0169/28/019909,,,2022/0169/28/019909,,,,,,,Y,N,2022-07-18 21:55:20.536+05:30,60,,"",,
28,01,001,002,0015,0002,1355,1C,,1355/1E,Y,P,46                  ,2,2,  ,0,8,2 ,4 ,2.00,2,0,1,16.5,0.00,7612,0,16,காலிமனைஓட்டுவீடு,2025/0153/28/003249TR DT. 2025-08-20 2026/0153/28/000898TR DT. 2026-05-14,,,2026/0153/28/000898,,,,,,,Y,N,2026-05-14 10:33:05.06+05:30,60,,"",,""
28,01,001,002,0015,0002,1355,1D,,1355/1D,Y,P,46a                 ,2,2,  ,0,8,2 ,4 ,2.00,2,0,1,15.5,0.00,7613,0,16,காலிமனை ஓட்டுவீடு,2025/0153/28/003249TR DT. 2025-08-20 2026/0153/28/000898TR DT. 2026-05-14,,,2026/0153/28/000898,,,,,,,Y,N,2026-05-14 10:33:05.081+05:30,60,,"",,""
28,01,001,002,0015,0002,1355,1E1,,1355/1E2PT,Y,P,.                   ,2,2,  ,0,8,2 ,4 ,2.00,2,0,0,60.0,2.00,7614,0,16,காலிமனை,-TR.NO/2022/0169/28/019869,,,2022/0169/28/019869,,,,,,,Y,N,2022-07-18 21:54:40.416+05:30,60,,"",,
28,01,001,002,0015,0002,1355,1E10,,1355/1EPT,Y,P,51                  ,2,2,  ,0,8,2 ,4 ,2.00,2,0,0,16.0,2.00,7615,0,16,ஓட்டுவீடு,-TR.NO/2022/0169/28/019871,,,2022/0169/28/019871,,,,,,,Y,N,2022-07-18 21:54:40.416+05:30,60,,"",,
28,01,001,002,0015,0006,1355,1E11,,1355/1EPT,Y,P,52                  ,2,2,  ,0,8,2 ,4 ,2.00,2,0,0,37.0,2.00,7906,0,16,ஓட்டுவீடு,-TR.NO/2022/0169/28/019872,,,2022/0169/28/019872,,,,,,,Y,N,2022-07-18 21:54:55.84+05:30,60,,"",,
28,01,001,002,0015,0002,1355,1E2,,1355/1E2PT,Y,P,51d                 ,2,2,  ,0,8,2 ,4 ,2.00,2,0,0,11.0,2.00,7616,0,16,ஓட்டுவீடு,-TR.NO/2022/0169/28/019873,,,2022/0169/28/019873,,,,,,,Y,N,2022-07-18 21:54:55.84+05:30,60,,"",,
28,01,001,002,0015,0002,1355,1E3,,13551EPT,Y,P,51c                 ,2,2,  ,0,8,2 ,4 ,2.00,2,0,0,11.0,2.00,7617,0,16,ஓட்டுவீடு,-TR.NO/2022/0169/28/019874,,,2022/0169/28/019874,,,,,,,Y,N,2022-07-18 21:54:55.84+05:30,60,,"",,
28,01,001,002,0015,0002,1355,1E4,,13551EPT,Y,P,51b                 ,2,2,  ,0,8,2 ,4 ,2.00,2,0,0,10.5,2.00,7618,0,16,ஓட்டுவீடு,-TR.NO/2022/0169/28/019875,,,2022/0169/28/019875,,,,,,,Y,N,2022-07-18 21:54:55.84+05:30,60,,"",,
28,01,001,002,0015,0002,1355,1E5,,13551EPT,Y,P,51a                 ,2,2,  ,0,8,2 ,4 ,2.00,2,0,0,11.5,2.00,7619,0,16,ஓட்டுவீடு,-TR.NO/2022/0169/28/019876,,,2022/0169/28/019876,,,,,,,Y,N,2022-07-18 21:54:55.84+05:30,60,,"",,
28,01,001,002,0015,0002,1355,1E6,,13551EPT,Y,P,.                   ,2,2,  ,0,8,2 ,4 ,2.00,2,0,0,17.5,2.00,7620,0,16,முற்றம்,-TR.NO/2022/0169/28/019877,,,2022/0169/28/019877,,,,,,,Y,N,2022-07-18 21:54:55.84+05:30,60,,"",,
28,01,001,002,0015,0002,1355,1E7,,1355/1EPT,Y,P,48                  ,2,2,  ,0,8,2 ,4 ,2.00,2,0,0,17.5,2.00,7621,0,16,ஓட்டுவீடு,-TR.NO/2022/0169/28/019878,,,2022/0169/28/019878,,,,,,,Y,N,2022-07-18 21:54:55.84+05:30,60,,"",,
28,01,001,002,0015,0002,1355,1E8,,1355/1EPT,Y,P,49                  ,2,2,  ,0,8,2 ,4 ,2.00,2,0,0,15.5,2.00,7622,0,16,ஓட்டுவீடு,-TR.NO/2022/0169/28/019879,,,2022/0169/28/019879,,,,,,,Y,N,2022-07-18 21:54:55.84+05:30,60,,"",,
28,01,001,002,0015,0002,1355,1E9,,1355/1EPT,Y,P,50                  ,2,2,  ,0,8,2 ,4 ,2.00,2,0,0,15.5,2.00,7623,0,16,ஓட்டுவீடு,-TR.NO/2022/0169/28/019880,,,2022/0169/28/019880,,,,,,,Y,N,2022-07-18 21:54:55.84+05:30,60,,"",,
28,01,001,002,0015,0002,1355,1F1,,1355/1FPT,Y,P,57                  ,2,2,  ,0,8,2 ,4 ,2.00,2,0,0,17.0,2.00,7624,0,16,ஓட்டுவீடு,-TR.NO/2022/0169/28/019881,,,2022/0169/28/019881,,,,,,,Y,N,2022-07-18 21:54:55.84+05:30,60,,"",,
28,01,001,002,0015,0006,1355,1F2,,1355/1FPT,Y,P,56                  ,2,2,  ,0,8,2 ,4 ,2.00,2,0,0,14.0,2.00,7907,0,16,ஓட்டுவீடு,-TR.NO/2022/0169/28/019882,,,2022/0169/28/019882,,,,,,,Y,N,2022-07-18 21:55:05.176+05:30,60,,"",,
28,01,001,002,0015,0002,1355,1F3,,1355/1FPT,Y,P,55                  ,2,2,  ,0,8,2 ,4 ,2.00,2,0,0,15.5,2.00,7625,0,16,ஓட்டுவீடு,-TR.NO/2022/0169/28/019883,,,2022/0169/28/019883,,,,,,,Y,N,2022-07-18 21:55:05.176+05:30,60,,"",,
28,01,001,002,0015,0002,1355,1F4,,1355/1FPT,Y,P,54                  ,2,2,  ,0,8,2 ,4 ,2.00,2,0,0,20.5,2.00,7626,0,16,ஓட்டுவீடு,-TR.NO/2022/0169/28/019884,,,2022/0169/28/019884,,,,,,,Y,N,2022-07-18 21:55:05.176+05:30,60,,"",,
28,01,001,002,0015,0002,1355,1F5,,1355/1FPT,Y,P,53                  ,2,2,  ,0,8,2 ,4 ,2.00,2,0,0,13.5,2.00,7627,0,16,கடை,-TR.NO/2022/0169/28/019888,,,2022/0169/28/019888,,,,,,,Y,N,2022-07-18 21:55:05.176+05:30,60,,"",,
28,01,001,002,0015,0002,1355,1F6,,1355/1FPT,Y,P,.                   ,2,2,  ,0,8,2 ,4 ,2.00,2,0,0,25.0,2.00,7628,0,16,பாதரூம்பாதை,-TR.NO/2022/0169/28/019889,,,2022/0169/28/019889,,,,,,,Y,N,2022-07-18 21:55:05.176+05:30,60,,"",,
28,01,001,002,0015,0002,1355,1G1,,1355/1GPT,Y,P,58/1                ,2,2,  ,0,8,2 ,4 ,2.00,2,0,0,18.5,2.00,7629,0,16,ஓட்டுவீடு,2025/0153/28/002435TR DT. 2025-07-14,,,2025/0153/28/002435,,,,,,,Y,N,2025-07-14 20:20:23.6+05:30,60,,"",,""
28,01,001,002,0015,0002,1355,1G2,,1355/1GPT,Y,P,58                  ,2,2,  ,0,8,2 ,4 ,2.00,2,0,0,41.0,2.00,7630,0,16,ஓட்டுவீடு,-TR.NO/2022/0169/28/019892,,,2022/0169/28/019892,,,,,,,Y,N,2022-07-18 21:55:05.176+05:30,60,,"",,
28,01,001,002,0015,0002,1355,1G3,,1355/1GPT,Y,P,.                   ,2,2,  ,0,8,2 ,4 ,2.00,2,0,0,46.5,2.00,7631,0,16,பாதை,-TR.NO/2022/0169/28/019894,,,2022/0169/28/019894,,,,,,,Y,N,2022-07-18 21:55:05.176+05:30,60,,"",,
28,01,001,002,0015,0002,1355,1H1,,1355/1HPT,Y,P,59/1b               ,2,2,  ,0,8,2 ,4 ,2.00,2,0,0,14.5,2.00,7632,0,16,காலியிடம்,2025/0153/28/000761TR DT. 2025-03-22,,,2025/0153/28/000761,,,,,,,Y,N,2025-03-22 12:03:48.298+05:30,60,,"",,""
28,01,001,002,0015,0002,1355,1H2,,1355/1HPT,Y,P,59/1a               ,2,2,  ,0,8,2 ,4 ,2.00,2,0,0,14.5,2.00,7633,0,16,ஓட்டுவீடு,-TR.NO/2022/0169/28/019896,,,2022/0169/28/019896,,,,,,,Y,N,2022-07-18 21:55:05.176+05:30,60,,"",,
28,01,001,002,0015,0002,1355,1H3,,1355/1HPT,Y,P,59/1                ,2,2,  ,0,8,2 ,4 ,2.00,2,0,0,14.5,2.00,7634,0,16,ஓட்டுவீடு,-TR.NO/2022/0169/28/019901,,,2022/0169/28/019901,,,,,,,Y,N,2022-07-18 21:55:20.536+05:30,60,,"",,
28,01,001,002,0015,0002,1355,1H4,,1355/1HPT,Y,P,59                  ,2,2,  ,0,8,2 ,4 ,2.00,2,0,0,14.0,2.00,7635,0,16,ஓட்டுவீடு,-TR.NO/2022/0169/28/019900,,,2022/0169/28/019900,,,,,,,Y,N,2022-07-18 21:55:20.536+05:30,60,,"",,
28,01,001,002,0015,0002,1355,1H5,,1355/1HPT,Y,P,59/2                ,2,2,  ,0,8,2 ,4 ,2.00,2,0,0,15.5,2.00,7636,0,16,ஓட்டுவீடு,-TR.NO/2022/0169/28/019910,,,2022/0169/28/019910,,,,,,,Y,N,2022-07-18 21:55:20.536+05:30,60,,"",,
28,01,001,002,0015,0002,1355,1H6,,1355/1HPT,Y,P,.                   ,2,2,  ,0,8,2 ,4 ,2.00,2,0,0,31.5,2.00,7637,0,16,பாதை,-TR.NO/2022/0169/28/019911,,,2022/0169/28/019911,,,,,,,Y,N,2022-07-18 21:55:20.536+05:30,60,,"",,
28,01,001,002,0015,0002,1355,1I1,,1355/1IPT,Y,P,.                   ,2,2,  ,0,8,2 ,4 ,2.00,2,0,0,27.0,2.00,7638,0,16,பாதை,-TR.NO/2022/0169/28/019912,,,2022/0169/28/019912,,,,,,,Y,N,2022-07-18 21:55:20.536+05:30,60,,"",,
28,01,001,002,0015,0002,1355,1I2,,1355/1IPT,Y,P,60                  ,2,2,  ,0,8,2 ,4 ,2.00,2,0,0,35.0,2.00,7639,0,16,ஓட்டுவீடு,-TR.NO/2022/0169/28/019913,,,2022/0169/28/019913,,,,,,,Y,N,2022-07-18 21:55:20.536+05:30,60,,"",,
28,01,001,002,0015,0002,1355,1I3,,1355/1IPT,Y,P,61                  ,2,2,  ,0,8,2 ,4 ,2.00,2,0,0,42.0,2.00,7640,0,16,ஓட்டுவீடு காலியிடம்,-TR.NO/2022/0169/28/019914,,,2022/0169/28/019914,,,,,,,Y,N,2022-07-18 21:55:37.331+05:30,60,,"",,
28,01,001,002,0015,0002,1355,1J1,,1355/1JPT,Y,P,64                  ,2,2,  ,0,8,2 ,4 ,2.00,2,0,0,94.0,2.00,7641,0,16,ஓட்டுவீடும் காலியிடம்,2025/0153/28/003050TR DT. 2025-08-25,,,2025/0153/28/003050,,,,,,,Y,N,2025-08-25 17:44:30.507+05:30,60,,"",,""
28,01,001,002,0015,0002,1355,1J2,,1355/1JPT,Y,P,63                  ,2,2,  ,0,8,2 ,4 ,2.00,2,0,0,51.5,2.00,7642,0,16,ஓட்டுவீடுகாலியிடம்,2023/0153/28/000991TR DT. 2023-05-27,,,2023/0153/28/000991,,,,,,,Y,N,2023-05-27 15:02:19.965+05:30,60,,"",,""
28,01,001,002,0015,0002,1355,1K,,1355/1K,Y,P,.                   ,1,3,  ,0,0,"","",0.00,2,0,2,31.5,0.00,0,0,16,பாதை,"",,,,,,,,,,Y,N,2018-04-17 10:56:01+05:30,60,,"",,
28,01,001,002,0015,0002,1355,1L,,1355/1L,Y,P,1a                  ,2,2,  ,0,8,2 ,4 ,2.00,2,0,2,21.5,2.00,7643,0,16,கிட்டங்கி,-TR.NO/2022/0169/28/019917,,,2022/0169/28/019917,,,,,,,Y,N,2022-07-18 21:55:37.331+05:30,60,,"",,
28,01,001,002,0015,0002,1355,1M,,1355/1M,Y,P,2                   ,2,2,  ,0,8,2 ,4 ,2.00,2,0,1,16.5,2.00,7644,0,16,ஓட்டுவீடு காலியிடம்,-TR.NO/2022/0169/28/019918,,,2022/0169/28/019918,,,,,,,Y,N,2022-07-18 21:55:37.331+05:30,60,,"",,
28,01,001,002,0015,0002,1355,1N1,,1355/1NPT,Y,P,3                   ,2,2,  ,0,8,2 ,4 ,2.00,2,0,0,20.0,2.00,7645,0,16,ஓட்டுவீடு,-TR.NO/2022/0169/28/019920,,,2022/0169/28/019920,,,,,,,Y,N,2022-07-22 18:21:35.264+05:30,60,,"",,
28,01,001,002,0015,0002,1355,1N2,,1355/1NPT,Y,P,3a                  ,2,2,  ,0,8,2 ,4 ,2.00,2,0,0,31.0,2.00,7646,0,16,ஓட்டுவீடு,-TR.NO/2022/0169/28/019922,,,2022/0169/28/019922,,,,,,,Y,N,2022-07-22 18:21:35.264+05:30,60,,"",,
28,01,001,002,0015,0002,1355,1N3,,1355/1NPT,Y,P,4                   ,2,2,  ,0,8,2 ,4 ,2.00,2,0,0,15.5,2.00,7647,0,16,ஓட்டுவீடு,-TR.NO/2022/0169/28/019923,,,2022/0169/28/019923,,,,,,,Y,N,2022-07-22 18:21:35.264+05:30,60,,"",,
28,01,001,002,0015,0002,1355,1N4,,1355/1NPT,Y,P,4a                  ,2,2,  ,0,8,2 ,4 ,2.00,2,0,0,14.0,2.00,7648,0,16,ஓட்டுவீடு,-TR.NO/2022/0169/28/019926,,,2022/0169/28/019926,,,,,,,Y,N,2022-07-22 18:21:35.264+05:30,60,,"",,
28,01,001,002,0015,0002,1355,1N5,,1355/1NPT,Y,P,5a                  ,2,2,  ,0,8,2 ,4 ,2.00,2,0,0,7.5,2.00,7649,0,16,ஓட்டுவீடு,-TR.NO/2022/0169/28/019928,,,2022/0169/28/019928,,,,,,,Y,N,2022-07-22 18:21:35.264+05:30,60,,"",,
28,01,001,002,0015,0002,1355,1N6,,1355/1NPT,Y,P,.                   ,2,2,  ,0,8,2 ,4 ,2.00,2,0,0,27.5,2.00,7650,0,16,பாதை,-TR.NO/2022/0169/28/019931,,,2022/0169/28/019931,,,,,,,Y,N,2022-07-22 18:21:35.264+05:30,60,,"",,
28,01,001,002,0015,0002,1355,1O1,,1355/1OPT,Y,P,.                   ,2,2,  ,0,8,2 ,4 ,2.00,2,0,0,17.5,2.00,7651,0,16,பாதை,-TR.NO/2022/0169/28/019932,,,2022/0169/28/019932,,,,,,,Y,N,2022-07-22 18:21:35.264+05:30,60,,"",,
28,01,001,002,0015,0002,1355,1O2,,1355/1OPT,Y,P,"",2,2,  ,0,8,2 ,4 ,2.00,2,0,0,22.6,2.00,7652,0,16,ஓட்டுவீடு, DT. 2023-11-17 14:18:38.418,,,2023/0154/28/003023,,"",,,,,Y,N,2023-11-17 14:18:38.418+05:30,60,,"",,
28,01,001,002,0015,0002,1355,1O3,,1355/1OPT,Y,P,7                   ,2,2,  ,0,8,2 ,4 ,2.00,2,0,0,15.5,2.00,7653,0,16,ஓட்டுவீடு,-TR.NO/2022/0169/28/019936,,,2022/0169/28/019936,,,,,,,Y,N,2022-07-22 18:21:35.264+05:30,60,,"",,
28,01,001,002,0015,0002,1355,1O4,,1355/1OPT,Y,P,6                   ,2,2,  ,0,8,2 ,4 ,2.00,2,0,0,16.5,2.00,7654,0,16,ஓட்டுவீடு,-TR.NO/2022/0169/28/019938,,,2022/0169/28/019938,,,,,,,Y,N,2022-07-22 18:21:35.264+05:30,60,,"",,
28,01,001,002,0015,0002,1355,1O5,,1355/1OPT,Y,P,5                   ,2,2,  ,0,8,2 ,4 ,2.00,2,0,0,13.5,2.00,7655,0,16,ஓட்டுவீடு,-TR.NO/2022/0169/28/019951,,,2022/0169/28/019951,,,,,,,Y,N,2022-07-22 18:22:11.796+05:30,60,,"",,
28,01,001,002,0015,0002,1355,1P1,,1355/1PPT,Y,P,15                  ,2,2,  ,0,8,2 ,4 ,2.00,2,0,0,20.0,2.00,7656,0,16,ஓட்டுவீடு,-TR.NO/2022/0169/28/019953,,,2022/0169/28/019953,,,,,,,Y,N,2022-07-22 18:22:11.796+05:30,60,,"",,
28,01,001,002,0015,0002,1355,1P10,,1355/1PPT,Y,P,10                  ,2,2,  ,0,8,2 ,4 ,2.00,2,0,0,16.5,2.00,7657,0,16,ஓட்டுவீடுகாலியிடம்,-TR.NO/2022/0169/28/019966,,,2022/0169/28/019966,,,,,,,Y,N,2022-07-22 18:22:11.796+05:30,60,,"",,
28,01,001,002,0015,0002,1355,1P11,,1355/1PPT,Y,P,11                  ,2,2,  ,0,8,2 ,4 ,2.00,2,0,0,16.0,2.00,7658,0,16,ஓட்டுவீடுகாலியிடம்,-TR.NO/2022/0169/28/019968,,,2022/0169/28/019968,,,,,,,Y,N,2022-07-22 18:22:11.796+05:30,60,,"",,
28,01,001,002,0015,0002,1355,1P2,,1355/1PPT,Y,P,14                  ,2,2,  ,0,8,2 ,4 ,2.00,2,0,0,19.5,2.00,7659,0,16,ஓட்டுவீடு,-TR.NO/2022/0169/28/019955,,,2022/0169/28/019955,,,,,,,Y,N,2022-07-22 18:22:11.796+05:30,60,,"",,
28,01,001,002,0015,0002,1355,1P3,,1355/1PPT,Y,P,13                  ,2,2,  ,0,8,2 ,4 ,2.00,2,0,0,20.0,2.00,7660,0,16,ஓட்டுவீடு,-TR.NO/2022/0169/28/019957,,,2022/0169/28/019957,,,,,,,Y,N,2022-07-22 18:22:11.796+05:30,60,,"",,
28,01,001,002,0015,0002,1355,1P4,,1355/1PPT,Y,P,12                  ,2,2,  ,0,8,2 ,4 ,2.00,2,0,0,18.5,2.00,7661,0,16,ஓட்டுவீடு,-TR.NO/2022/0169/28/019959,,,2022/0169/28/019959,,,,,,,Y,N,2022-07-22 18:22:11.796+05:30,60,,"",,
28,01,001,002,0015,0002,1355,1P5,,1355/1PPT,Y,P,11                  ,2,2,  ,0,8,2 ,4 ,2.00,2,0,0,16.0,2.00,7662,0,16,ஓட்டுவீடு,-TR.NO/2022/0169/28/019961,,,2022/0169/28/019961,,,,,,,Y,N,2022-07-22 18:22:11.796+05:30,60,,"",,
28,01,001,002,0015,0002,1355,1P6,,"",N,P,                    ,2,2,  ,-,0,"","",0.00,2,0,0,64.5,0.00,7663,0,16,பொதுபாதை,"",,,,,,,,,,N,N,2018-04-17 11:11:01+05:30,60,,"",,
28,01,001,002,0015,0002,1355,1P7,,"",N,P,                    ,2,2,  ,-,0,"","",0.00,2,0,0,18.0,0.00,7664,0,16,ஒட்டுவீடு,"",,,,,,,,,,N,N,2018-04-17 11:11:50+05:30,60,,"",,
28,01,001,002,0015,0002,1355,1P8,,1355/1PPT,Y,P,9a                  ,2,2,  ,0,8,2 ,4 ,2.00,2,0,0,22.0,2.00,7665,0,16,ஓட்டுவீடு காலியிடம்,-TR.NO/2022/0169/28/019963,,,2022/0169/28/019963,,,,,,,Y,N,2022-07-22 18:22:11.796+05:30,60,,"",,
28,01,001,002,0015,0002,1355,1P9,,1355/1PPT,Y,P,9b                  ,2,2,  ,0,8,2 ,4 ,2.00,2,0,0,16.0,2.00,7666,0,16,ஓட்டுவீடுகாலியிடம்,-TR.NO/2022/0169/28/019965,,,2022/0169/28/019965,,,,,,,Y,N,2022-07-22 18:22:11.796+05:30,60,,"",,
28,01,001,002,0015,0002,1355,1Q1,,1355/1QPT,Y,P,20                  ,2,2,  ,0,8,2 ,4 ,2.00,2,0,0,50.0,2.00,7667,0,16,ஓட்டுவீடு,-TR.NO/2022/0169/28/019970,,,2022/0169/28/019970,,,,,,,Y,N,2022-07-22 18:22:19.771+05:30,60,,"",,
28,01,001,002,0015,0002,1355,1Q2,,1355/1QPT,Y,P,19                  ,2,2,  ,0,8,2 ,4 ,2.00,2,0,0,29.5,2.00,7668,0,16,ஓட்டுவீடு,2024/0153/28/002993TR DT. 2024-11-12,,,2024/0153/28/002993,,,,,,,Y,N,2024-11-12 15:12:46.896+05:30,60,,"",,""
28,01,001,002,0015,0002,1355,1Q3,,1355/1QPT,Y,P,18                  ,2,2,  ,0,8,2 ,4 ,2.00,2,0,0,30.0,2.00,7669,0,16,ஓட்டுவீடு,-TR.NO/2022/0169/28/019973,,,2022/0169/28/019973,,,,,,,Y,N,2022-07-22 18:22:19.771+05:30,60,,"",,
28,01,001,002,0015,0002,1355,1Q4,,1355/1QPT,Y,P,17                  ,2,2,  ,0,8,2 ,4 ,2.00,2,0,0,31.0,2.00,7670,0,16,ஓட்டுவீடு,-TR.NO/2022/0169/28/019975,,,2022/0169/28/019975,,,,,,,Y,N,2022-07-22 18:22:19.771+05:30,60,,"",,
28,01,001,002,0015,0002,1355,1Q5,,1355/1QPT,Y,P,16                  ,2,2,  ,0,8,2 ,4 ,2.00,2,0,0,32.5,2.00,7671,0,16,ஓட்டுவீடு காலியிடம்,-TR.NO/2022/0169/28/019977,,,2022/0169/28/019977,,,,,,,Y,N,2022-07-22 18:22:19.771+05:30,60,,"",,
28,01,001,002,0015,0002,1355,1Q6,,1355/1QPT,Y,P,.                   ,2,2,  ,0,8,2 ,4 ,2.00,2,0,0,83.0,2.00,7672,0,16,பொது பாதை,2024/0153/28/002993TR DT. 2024-11-12,,,2024/0153/28/002993,,,,,,,Y,N,2024-11-12 15:12:46.921+05:30,60,,"",,""
28,01,001,002,0015,0002,1355,1R,,1355/1R,Y,P,.                   ,1,3,  ,0,0,"","",0.00,2,0,2,36.5,0.00,0,0,16,தெரு,"",,,,,,,,,,Y,N,2018-04-17 11:28:59+05:30,60,,"",,
28,01,001,002,0015,0002,1355,1S,,1355/1S,Y,P,25                  ,2,2,  ,0,8,2 ,4 ,2.00,2,0,1,6.5,2.00,7673,0,16,வீடும் தொழுவம் காலியிடம்,-TR.NO/2022/0169/28/019981,,,2022/0169/28/019981,,,,,,,Y,N,2022-07-22 18:22:19.771+05:30,60,,"",,
28,01,001,002,0015,0002,1355,1T,,1355/1T,Y,P,.                   ,1,3,  ,0,0,"","",0.00,2,0,0,16.5,0.00,0,0,16,சந்து,"",,,,,,,,,,Y,N,2018-04-17 11:32:03+05:30,60,,"",,
28,01,001,002,0015,0002,1355,1U,,1355/1U,Y,P,24                  ,1,3,  ,0,0,"","",0.00,2,0,0,46.5,0.00,0,0,16,சந்து காலியிடம்,"",,,,,,,,,,Y,N,2018-04-17 11:32:42+05:30,60,,"",,
28,01,001,002,0015,0002,1355,1W,,1355/1W,Y,P,56                  ,2,2,  ,0,8,2 ,4 ,2.00,2,0,0,63.0,2.00,7674,0,16,ஓட்டுவீடு,-TR.NO/2022/0169/28/019985,,,2022/0169/28/019985,,,,,,,Y,N,2022-07-22 18:22:19.771+05:30,60,,"",,
28,01,001,002,0015,0002,1355,1X1,,1355/1XPT,Y,P,.                   ,2,2,  ,0,8,2 ,4 ,2.00,2,0,0,56.0,2.00,7675,0,16,மட்டப்பாவீடுகாலி,-TR.NO/2022/0169/28/019986,,,2022/0169/28/019986,,,,,,,Y,N,2022-07-22 18:22:19.771+05:30,60,,"",,
28,01,001,002,0015,0002,1355,1X2,,1355/1XPT,Y,P,44                  ,2,2,  ,0,8,2 ,4 ,2.00,2,0,0,20.0,2.00,7676,0,16,மட்டப்பாவீடு,-TR.NO/2022/0169/28/019988,,,2022/0169/28/019988,,,,,,,Y,N,2022-07-22 18:22:19.771+05:30,60,,"",,
28,01,001,002,0015,0002,1355,1X3,,1355/1XPT,Y,P,45                  ,2,2,  ,0,8,2 ,4 ,2.00,2,0,0,22.0,2.00,7677,0,16,மட்டப்பாவீடு,-TR.NO/2022/0169/28/019990,,,2022/0169/28/019990,,,,,,,Y,N,2022-07-22 18:22:25.482+05:30,60,,"",,
28,01,001,002,0015,0002,1355,1Y,,1355/1Y,Y,P,"39,40               ",2,2,  ,0,8,2 ,4 ,2.00,2,0,0,36.5,2.00,7678,0,24,மட்டப்பாவீடு,-TR.NO/2022/0169/28/019991,,,2022/0169/28/019991,,,,,,,Y,N,2022-07-22 18:22:25.482+05:30,60,,"",,
28,01,001,002,0015,0007,1355,1Z,,1355/11Z,Y,P,35                  ,2,2,  ,0,8,2 ,4 ,2.00,2,0,0,33.0,2.00,7966,0,16,மட்டப்பாவீடு,2024/0153/28/001659TR DT. 2024-06-11,,,2024/0153/28/001659,,,,,,,Y,N,2024-06-11 11:39:36.158+05:30,60,,"",,""
28,01,001,002,0015,0002,1355,2A,,1355/2PT,Y,P,1/2                 ,2,2,  ,0,8,2 ,4 ,2.00,2,0,14,40.5,2.00,7679,0,16,கிட்டங்கி காலிமனை,-TR.NO/2022/0169/28/019994,,,2022/0169/28/019994,,,,,,,Y,N,2022-07-22 18:22:25.482+05:30,60,,"",,
28,01,001,002,0015,0002,1355,2B,,1355/2PT,Y,P,"1/1,1               ",2,2,  ,0,8,2 ,4 ,2.00,2,0,1,62.5,2.00,7680,0,16,மட்டப்பாவீடு,2022/0153/28/000984TR DT. 2022-10-11,,,2022/0153/28/000984,,,,,,,Y,N,2022-10-11 12:27:49.774+05:30,60,,"",,""
28,01,001,002,0015,0002,1355,3,,1355/1OPT,,P,"",2,2,,0,8,2 ,4 ,2.00,,0,0,35.4,2.00,65370,0,16,, DT. 2023-11-17 14:18:38.418,,,2023/0154/28/003023,,"",,,,,Y,N,2023-11-17 14:18:38.418+05:30,,"","",0.00,
28,01,001,002,0015,0002,1356,1,,1356/PT,Y,P,22                  ,2,2,  ,0,8,2 ,4 ,2.00,2,0,0,16.5,2.00,7681,0,16,ஓட்டுவீடு,-TR.NO/2022/0169/28/019997,,,2022/0169/28/019997,,,,,,,Y,N,2022-07-22 18:22:25.482+05:30,60,,"",,
28,01,001,002,0015,0003,1356,10,,1356/PT,Y,P,28                  ,1,5,  ,0,8,2 ,4 ,2.00,2,0,0,61.0,2.00,7685,0,16,காரைவீடு,"",,,,,,,,,,Y,N,2017-11-06 11:47:12+05:30,60,,"",,
28,01,001,002,0015,0003,1356,11,,1356/PT,Y,P,.                   ,1,5,  ,0,8,2 ,4 ,2.00,2,0,0,44.5,2.00,7686,0,16,நடைபாதை,"",,,,,,,,,,Y,N,2017-11-06 11:47:21+05:30,60,,"",,
28,01,001,002,0015,0002,1356,12,,1356/PT,Y,P,31                  ,2,2,  ,0,8,2 ,4 ,2.00,2,0,0,90.0,2.00,7682,0,16,ஓட்டுவீடு,-TR.NO/2022/0169/28/020017,,,2022/0169/28/020017,,,,,,,Y,N,2022-07-22 18:22:33.199+05:30,60,,"",,
28,01,001,002,0015,0003,1356,13,,1356/PT,Y,P,32                  ,1,5,  ,0,8,2 ,4 ,2.00,2,0,0,59.5,2.00,7687,0,16,காரைவீடு,"",,,,,,,,,,Y,N,2017-11-06 11:48:02+05:30,60,,"",,
28,01,001,002,0015,0003,1356,14,,1356/PT,Y,P,33                  ,1,5,  ,0,8,2 ,4 ,2.00,2,0,0,58.0,2.00,7688,0,16,காரைவிடு,"",,,,,,,,,,Y,N,2017-11-06 11:48:17+05:30,60,,"",,
28,01,001,002,0015,0003,1356,15,,1356/PT,Y,P,34                  ,1,5,  ,0,8,2 ,4 ,2.00,2,0,0,59.0,2.00,7689,0,16,காரைவீடு,"",,,,,,,,,,Y,N,2017-11-06 11:48:49+05:30,60,,"",,
28,01,001,002,0015,0003,1356,16,,1356/PT,Y,P,35                  ,1,5,  ,0,8,2 ,4 ,2.00,2,0,0,49.0,2.00,7690,0,16,ஓட்டுவீடும் காலியிடமும்,"",,,,,,,,,,Y,N,2017-11-06 11:49:21+05:30,60,,"",,
28,01,001,002,0015,0003,1356,17,,1356/PT,Y,P,.                   ,1,5,  ,0,8,2 ,4 ,2.00,2,0,1,53.5,2.00,7691,0,16,கடை பாதை,"",,,,,,,,,,Y,N,2017-11-06 11:49:28+05:30,60,,"",,
28,01,001,002,0015,0003,1356,18,,1356/PT,Y,P,36                  ,1,5,  ,0,8,2 ,4 ,2.00,2,0,0,19.0,2.00,7692,0,16,கடை,"",,,,,,,,,,Y,N,2017-11-06 11:50:42+05:30,60,,"",,
28,01,001,002,0015,0003,1356,19,,1356/PT,Y,P,37                  ,1,5,  ,0,8,2 ,4 ,2.00,2,0,0,19.0,2.00,7693,0,16,கடை,"",,,,,,,,,,Y,N,2017-11-06 11:50:51+05:30,60,,"",,
28,01,001,002,0015,0002,1356,2,,1356/PT,Y,P,23                  ,2,2,  ,0,8,2 ,3 ,2.00,2,0,0,12.5,2.00,7683,0,16,ஓட்டுவீடு,-TR.NO/2022/0169/28/019998,,,2022/0169/28/019998,,,,,,,Y,N,2022-07-22 18:22:25.482+05:30,60,,"",,
28,01,001,002,0015,0003,1356,20,,1356/PT,Y,P,38                  ,1,5,  ,0,8,2 ,4 ,2.00,2,0,0,18.5,2.00,7694,0,16,கடை,"",,,,,,,,,,Y,N,2017-11-06 11:51:18+05:30,60,,"",,
28,01,001,002,0015,0003,1356,21,,1356/PT,Y,P,38/1                ,1,5,  ,0,8,2 ,4 ,2.00,2,0,0,17.5,2.00,7695,0,16,கடை,"",,,,,,,,,,Y,N,2017-11-06 11:51:30+05:30,60,,"",,
28,01,001,002,0015,0003,1356,22,,1356/PT,Y,P,38/2                ,1,5,  ,0,8,2 ,4 ,2.00,2,0,0,19.0,2.00,7696,0,16,கடை,"",,,,,,,,,,Y,N,2017-11-06 11:51:37+05:30,60,,"",,
28,01,001,002,0015,0003,1356,23,,1356/PT,Y,P,38/3                ,1,5,  ,0,8,2 ,4 ,2.00,2,0,0,20.0,2.00,7697,0,15,கடை,"",,,,,,,,,,Y,N,2017-11-06 11:51:50+05:30,60,,"",,
28,01,001,002,0015,0003,1356,24,,1356/PT,Y,P,38/4                ,1,5,  ,0,8,2 ,4 ,2.00,2,0,0,20.0,2.00,7698,0,16,கடை,"",,,,,,,,,,Y,N,2017-11-06 11:52:04+05:30,60,,"",,
28,01,001,002,0015,0003,1356,25,,1356/PT,Y,P,38/5                ,1,5,  ,0,8,2 ,4 ,2.00,2,0,0,20.0,2.00,7699,0,16,கடை,"",,,,,,,,,,Y,N,2017-11-06 11:52:15+05:30,60,,"",,
28,01,001,002,0015,0003,1356,26,,1356/PT,Y,P,38/6                ,1,5,  ,0,8,2 ,4 ,2.00,2,0,0,21.5,2.00,7700,0,16,கடை,"",,,,,,,,,,Y,N,2017-11-06 11:52:23+05:30,60,,"",,
28,01,001,002,0015,0003,1356,3,,1356/PT,Y,P,24                  ,2,2,  ,0,8,2 ,4 ,2.00,2,0,0,18.5,2.00,7701,0,16,ஆஸ்பெட்டாஸ்,-TR.NO/2022/0169/28/020000,,,2022/0169/28/020000,,,,,,,Y,N,2022-07-22 18:22:25.482+05:30,60,,"",,
28,01,001,002,0015,0003,1356,4,,1356/PT,Y,P,25                  ,2,2,  ,0,8,2 ,4 ,2.00,2,0,0,21.0,2.00,7702,0,16,ஓட்டுவீடு,-TR.NO/2022/0169/28/020002,,,2022/0169/28/020002,,,,,,,Y,N,2022-07-22 18:22:25.482+05:30,60,,"",,
28,01,001,002,0015,0002,1356,5,,1356/PT,Y,P,26                  ,2,2,  ,0,8,2 ,4 ,2.00,2,0,0,21.0,2.00,7684,0,16,ஓடடுவீடு,-TR.NO/2022/0169/28/020005,,,2022/0169/28/020005,,,,,,,Y,N,2022-07-22 18:22:25.482+05:30,60,,"",,
28,01,001,002,0015,0003,1356,6,,1356/PT,Y,P,26a                 ,2,2,  ,0,8,2 ,4 ,2.00,2,0,1,6.0,2.00,7703,0,16,வீடும் முற்றமும்,-TR.NO/2022/0169/28/020007,,,2022/0169/28/020007,,,,,,,Y,N,2022-07-22 18:22:33.199+05:30,60,,"",,
28,01,001,002,0015,0003,1356,7,,1356/PT,Y,P,21                  ,2,2,  ,0,8,2 ,4 ,2.00,2,0,1,76.0,2.00,7704,0,16,வீடும் காலியிடம்,-TR.NO/2022/0169/28/020009,,,2022/0169/28/020009,,,,,,,Y,N,2022-07-22 18:22:33.199+05:30,60,,"",,
28,01,001,002,0015,0003,1356,8,,1356/PT,Y,P,2                   ,2,2,  ,0,8,2 ,4 ,2.00,2,0,0,31.0,2.00,7705,0,16,கிணறும் பாதையும்,-TR.NO/2022/0169/28/020010,,,2022/0169/28/020010,,,,,,,Y,N,2022-07-22 18:22:33.199+05:30,60,,"",,
28,01,001,002,0015,0003,1356,9,,1356/PT,Y,P,27                  ,1,5,  ,0,8,2 ,4 ,2.00,2,0,0,87.5,2.00,7706,0,16,காரைகட்டிடம்,"",,,,,,,,,,Y,N,2017-11-06 11:46:55+05:30,60,,"",,
28,01,001,002,0015,0003,1357,1A,,1357/1PT,Y,P,19/2                ,1,5,  ,0,8,2 ,4 ,2.00,2,0,0,87.0,2.00,7707,0,16,நகை ஓர்க்ஸ் ஷாப்,"",,,,,,,,,,Y,N,2017-11-06 11:53:49+05:30,60,,"",,
28,01,001,002,0015,0003,1357,1B,,1357/1PT,Y,P,19/1a               ,1,5,  ,0,8,2 ,4 ,2.00,2,0,0,33.0,2.00,7708,0,16,கடை,"",,,,,,,,,,Y,N,2017-11-06 11:54:14+05:30,60,,"",,
28,01,001,002,0015,0003,1357,2A,,1357/2PT,Y,P,19/1c               ,1,5,  ,0,8,2 ,4 ,2.00,2,0,3,61.5,2.00,7709,0,16,காலிமனை விறகு கடை,"",,,,,,,,,,Y,N,2017-11-06 11:54:31+05:30,60,,"",,
28,01,001,002,0015,0003,1357,2B,,1357/2PT,Y,P,19/1b               ,1,5,  ,0,8,2 ,4 ,2.00,2,0,0,29.0,2.00,7710,0,16,காரைவீடு,"",,,,,,,,,,Y,N,2017-11-06 11:54:46+05:30,60,,"",,
28,01,001,002,0015,0003,1357,2C,,1357/2PT,Y,P,20                  ,2,2,  ,0,8,2 ,4 ,2.00,2,0,1,11.5,2.00,7711,0,16,கடைகள்,-TR.NO/2022/0169/28/020026,,,2022/0169/28/020026,,,,,,,Y,N,2022-07-22 18:22:33.199+05:30,60,,"",,
28,01,001,002,0015,0003,1357,2D,,1357/2PT,Y,P,.                   ,2,2,  ,0,8,2 ,4 ,2.00,2,0,1,27.0,2.00,7712,0,16,ஓட்டுகுர்லுயீடுமு,-TR.NO/2022/0169/28/020027,,,2022/0169/28/020027,,,,,,,Y,N,2022-07-22 18:22:33.199+05:30,60,,"",,
28,01,001,002,0015,0003,1357,2E,,1357/2PT,Y,P,20a                 ,2,2,  ,0,8,2 ,4 ,2.00,2,0,0,21.0,2.00,7713,0,16,கடை,-TR.NO/2022/0169/28/020029,,,2022/0169/28/020029,,,,,,,Y,N,2022-07-22 18:22:33.199+05:30,60,,"",,
28,01,001,002,0015,0003,1357,2F,,1357/2PT,Y,P,20b                 ,2,2,  ,0,8,2 ,4 ,2.00,2,0,0,17.0,2.00,7714,0,16,கடை,-TR.NO/2022/0169/28/020030,,,2022/0169/28/020030,,,,,,,Y,N,2022-07-22 18:22:33.199+05:30,60,,"",,
28,01,001,002,0015,0003,1357,2G,,1357/2PT,Y,P,20c                 ,2,2,  ,0,8,2 ,4 ,2.00,2,0,0,19.5,2.00,7715,0,16,கடை,-TR.NO/2022/0169/28/020039,,,2022/0169/28/020039,,,,,,,Y,N,2022-07-22 18:22:33.199+05:30,60,,"",,
28,01,001,002,0015,0003,1358,1A,,1358/1PT,Y,P,9                   ,1,5,  ,0,8,2 ,4 ,2.00,2,0,3,9.5,2.00,7716,0,16,ஓட்டுவீடு காலியிடம்,"",,,,,,,,,,Y,N,2017-11-06 11:56:01+05:30,60,,"",,
28,01,001,002,0015,0003,1358,1B,,1358/1PT,Y,P,18/2                ,1,5,  ,0,8,2 ,4 ,2.00,2,0,0,23.5,2.00,7717,0,16,கடை,"",,,,,,,,,,Y,N,2017-11-06 11:56:10+05:30,60,,"",,
28,01,001,002,0015,0003,1358,1C,,1358/1PT,Y,P,18/1                ,1,5,  ,0,8,2 ,4 ,2.00,2,0,0,25.5,2.00,7718,0,16,காரைகடை,"",,,,,,,,,,Y,N,2017-11-06 11:56:17+05:30,60,,"",,
28,01,001,002,0015,0003,1358,1D,,1358/1PT,Y,P,.                   ,1,5,  ,0,8,2 ,4 ,2.00,2,0,1,15.0,2.00,7719,0,16,காலியிடம்,"",,,,,,,,,,Y,N,2017-11-06 11:56:26+05:30,60,,"",,
28,01,001,002,0015,0003,1358,1E,,1358/1PT,Y,P,18                  ,1,5,  ,0,0,"","",0.00,2,0,0,83.5,0.00,7720,0,16,"","",,,,,,,,,,Y,N,2017-11-06 11:56:48+05:30,60,,"",,
28,01,001,002,0015,0006,1358,1F,,1358/1PT,Y,P,"18b,18c             ",2,2,  ,0,8,2 ,4 ,2.00,2,0,0,15.0,2.00,7908,0,16,கடை,-TR.NO/2022/0169/28/020042 2026/0153/28/000994TR DT. 2026-05-15,,,2026/0153/28/000994,,,,,,,Y,N,2026-05-15 16:15:38.761+05:30,60,,"",,""
28,01,001,002,0015,0006,1358,1G,,1358/1PT,Y,P,"18b,18c             ",2,2,  ,0,8,2 ,4 ,2.00,2,0,0,26.5,2.00,7909,0,16,கடை,-TR.NO/2022/0169/28/020045 2026/0153/28/000994TR DT. 2026-05-15,,,2026/0153/28/000994,,,,,,,Y,N,2026-05-15 16:15:38.782+05:30,60,,"",,""
28,01,001,002,0015,0003,1358,2A,,1358/2PT,Y,P,19/2                ,1,5,  ,0,8,2 ,4 ,2.00,2,0,0,60.5,2.00,7721,0,16,கடை,"",,,,,,,,,,Y,N,2017-11-06 11:57:46+05:30,60,,"",,
28,01,001,002,0015,0003,1358,2B,,1358/2PT,Y,P,"19/1,3,4            ",1,5,  ,0,8,2 ,4 ,2.00,2,0,1,87.0,2.00,7722,0,16,ஓர்க் ஷாப்,"",,,,,,,,,,Y,N,2017-11-06 11:58:02+05:30,60,,"",,
28,01,001,002,0015,0003,1359,1,,1359/1,Y,P,.                   ,1,5,  ,0,8,2 ,4 ,2.00,2,0,2,72.0,2.00,7723,0,16,காரைகடைகள்,"",,,,,,,,,,Y,N,2017-11-06 12:24:41+05:30,60,,"",,
28,01,001,002,0015,0003,1359,2,,1359/2,Y,P,9                   ,1,5,  ,0,8,2 ,4 ,2.00,2,0,1,64.5,2.00,7724,0,16,வீடு காலியிடம்,"",,,,,,,,,,Y,N,2017-11-06 12:24:55+05:30,60,,"",,
28,01,001,002,0015,0004,1360,0,,1360,Y,P,.                   ,1,5,  ,0,8,2 ,4 ,2.00,2,0,2,6.0,2.00,7727,0,16,காரைகட்டிடம் காலியிடம்,"",,,,,,,,,,Y,N,2017-11-06 12:25:13+05:30,60,,"",,
28,01,001,002,0015,0007,1361,1A1,,1361/1APT,Y,P,"17,17a              ",2,2,  ,0,8,2 ,4 ,2.00,2,0,0,73.5,2.00,8061,0,16,ஓட்டுவுடு காலியிடம்,2022/0153/28/001405TR DT. 2022-12-15,,,2022/0153/28/001405,,,,,,,Y,N,2022-12-15 17:37:43.63+05:30,60,,"",,""
28,01,001,002,0015,0007,1361,1A2,,1361/1APT,Y,P,16                  ,2,2,  ,0,8,2 ,4 ,2.00,2,0,0,46.5,2.00,7967,0,16,ஓட்டுவீடு,2022/0153/28/001405TR DT. 2022-12-15,,,2022/0153/28/001405,,,,,,,Y,N,2022-12-15 17:37:44.057+05:30,60,,"",,""
28,01,001,002,0015,0007,1361,1B1,,1361/1BPT,Y,P,60                  ,2,2,  ,0,8,2 ,4 ,2.00,2,0,1,17.5,2.00,7968,0,16,ஓட்டுவீடு,-TR.NO/2022/0169/28/011536,,,2022/0169/28/011536,,,,,,,Y,N,2022-07-14 21:12:17.571+05:30,60,,"",,
28,01,001,002,0015,0007,1361,1B2,,1361/1BPT,Y,P,66a                 ,2,2,  ,0,8,2 ,4 ,2.00,2,0,0,5.5,2.00,7969,0,16,ஓட்டுவீடு,-TR.NO/2022/0169/28/020076,,,2022/0169/28/020076,,,,,,,Y,N,2022-07-22 18:22:39.657+05:30,60,,"",,
28,01,001,002,0015,0007,1361,1C1,,1361/1CPT,Y,P,.                   ,2,2,  ,0,8,2 ,4 ,2.00,2,0,0,84.0,2.00,7970,0,16,பொதுபாதை,-TR.NO/2022/0169/28/020078,,,2022/0169/28/020078,,,,,,,Y,N,2022-07-22 18:22:39.657+05:30,60,,"",,
28,01,001,002,0015,0007,1361,1C10,,1361/1CPT,Y,P,61                  ,2,2,  ,0,8,2 ,4 ,2.00,2,0,0,27.5,2.00,7971,0,16,ஓட்டுவீடு,-TR.NO/2022/0169/28/020101,,,2022/0169/28/020101,,,,,,,Y,N,2022-07-22 18:22:45.991+05:30,60,,"",,
28,01,001,002,0015,0007,1361,1C2,,1361/1CPT,Y,P,66/1                ,2,2,  ,0,8,2 ,4 ,2.00,2,0,0,19.5,2.00,7972,0,16,ஓட்டுவீடு,-TR.NO/2022/0169/28/020082,,,2022/0169/28/020082,,,,,,,Y,N,2022-07-22 18:22:39.657+05:30,60,,"",,
28,01,001,002,0015,0007,1361,1C3,,1361/1CPT,Y,P,66                  ,2,2,  ,0,8,2 ,4 ,2.00,2,0,0,47.0,2.00,7973,0,16,ஓட்டுவீடு,-TR.NO/2022/0169/28/020084,,,2022/0169/28/020084,,,,,,,Y,N,2022-07-22 18:22:39.657+05:30,60,,"",,
28,01,001,002,0015,0007,1361,1C4,,1361/1CPT,Y,P,66a                 ,2,2,  ,0,8,2 ,4 ,2.00,2,0,0,14.5,2.00,7974,0,16,ஓட்டுவீடு,-TR.NO/2022/0169/28/020086,,,2022/0169/28/020086,,,,,,,Y,N,2022-07-22 18:22:39.657+05:30,60,,"",,
28,01,001,002,0015,0007,1361,1C5,,1361/1CPT,Y,P,65a                 ,2,2,  ,0,8,2 ,4 ,2.00,2,0,0,15.5,2.00,7975,0,16,ஓட்டுவீடு,-TR.NO/2022/0169/28/020089,,,2022/0169/28/020089,,,,,,,Y,N,2022-07-22 18:22:39.657+05:30,60,,"",,
28,01,001,002,0015,0007,1361,1C6,,1361/1CPT,Y,P,65                  ,2,2,  ,0,8,2 ,4 ,2.00,2,0,0,14.0,2.00,7976,0,16,ஓட்டுவீடு,-TR.NO/2022/0169/28/020092,,,2022/0169/28/020092,,,,,,,Y,N,2022-07-22 18:22:39.657+05:30,60,,"",,
28,01,001,002,0015,0007,1361,1C7,,1361/1CPT,Y,P,64                  ,2,2,  ,0,8,2 ,4 ,2.00,2,0,0,14.0,2.00,7977,0,16,ஓட்டுவீடு,-TR.NO/2022/0169/28/020094,,,2022/0169/28/020094,,,,,,,Y,N,2022-07-22 18:22:45.991+05:30,60,,"",,
28,01,001,002,0015,0007,1361,1C8,,1361/1CPT,Y,P,63                  ,2,2,  ,0,8,2 ,4 ,2.00,2,0,0,14.0,2.00,7978,0,16,ஓட்டுவீடு,-TR.NO/2022/0169/28/020096,,,2022/0169/28/020096,,,,,,,Y,N,2022-07-22 18:22:45.991+05:30,60,,"",,
28,01,001,002,0015,0007,1361,1C9,,1361/1CPT,Y,P,62                  ,2,2,  ,0,8,2 ,4 ,2.00,2,0,0,20.0,2.00,7979,0,16,ஓட்டுவீடு,-TR.NO/2022/0169/28/020098,,,2022/0169/28/020098,,,,,,,Y,N,2022-07-22 18:22:45.991+05:30,60,,"",,
28,01,001,002,0015,0007,1361,1D1,,1361/1DPT,Y,P,13a                 ,2,2,  ,0,8,2 ,4 ,2.00,2,0,0,47.0,2.00,7585,0,16,ஓட்டுவீடு,2022/0153/28/001405TR DT. 2022-12-15,,,2022/0153/28/001405,,,,,,,Y,N,2022-12-15 17:37:44.425+05:30,60,,"",,""
28,01,001,002,0015,0007,1361,1D2,,1361/1DPT,Y,P,14                  ,2,2,  ,0,8,2 ,4 ,2.00,2,0,0,16.0,2.00,7730,0,16,ஓட்டுவீடு,2022/0153/28/001405TR DT. 2022-12-15,,,2022/0153/28/001405,,,,,,,Y,N,2022-12-15 17:37:44.794+05:30,60,,"",,""
28,01,001,002,0015,0007,1361,1D3,,1361/1DPT,Y,P,15                  ,2,2,  ,0,8,2 ,4 ,2.00,2,0,0,53.5,2.00,7980,0,16,ஓட்டுவீடு,2022/0153/28/001405TR DT. 2022-12-15,,,2022/0153/28/001405,,,,,,,Y,N,2022-12-15 17:37:45.165+05:30,60,,"",,""
28,01,001,002,0015,0007,1361,1E,,1361/1E,Y,P,12                  ,2,2,  ,0,8,2 ,4 ,2.00,2,0,1,33.0,2.00,7981,0,16,ஓட்டுவீடு,-TR.NO/2022/0169/28/020108,,,2022/0169/28/020108,,,,,,,Y,N,2022-07-22 18:22:45.991+05:30,60,,"",,
28,01,001,002,0015,0007,1361,1F1,,1361/1FPT,Y,P,10                  ,2,2,  ,0,8,2 ,4 ,2.00,2,0,0,48.0,2.00,7982,0,16,ஓட்டுவீடு காலியிடம்,2025/0153/28/001871TR DT. 2025-06-05,,,2025/0153/28/001871,,,,,,,Y,N,2025-06-05 15:01:11.282+05:30,60,,"",,""
28,01,001,002,0015,0007,1361,1F2,,1361/1FPT,Y,P,9                   ,2,2,  ,0,0,"","",2.00,2,0,0,10.5,0.00,7983,0,16,ஓட்டுவீடு,-TR.NO/2022/0169/28/020113,,,2022/0169/28/020113,,,,,,,Y,N,2022-07-22 18:22:45.991+05:30,60,,"",,
28,01,001,002,0015,0007,1361,1F3,,1361/1FPT,Y,P,8                   ,2,2,  ,0,8,2 ,4 ,2.00,2,0,0,38.5,2.00,7984,0,16,ஓட்டுவீடு,-TR.NO/2022/0169/28/020115,,,2022/0169/28/020115,,,,,,,Y,N,2022-07-22 18:22:51.333+05:30,60,,"",,
28,01,001,002,0015,0007,1361,1F4,,1361/1FPT,Y,P,8a                  ,2,2,  ,0,8,2 ,4 ,2.00,2,0,0,7.0,2.00,7985,0,16,ஓட்டுவீடு,-TR.NO/2022/0169/28/020117,,,2022/0169/28/020117,,,,,,,Y,N,2022-07-22 18:22:51.333+05:30,60,,"",,
28,01,001,002,0015,0007,1361,1F5,,1361/1FPT,Y,P,8b                  ,2,2,  ,0,8,2 ,4 ,2.00,2,0,0,7.0,2.00,7986,0,16,ஓட்டுவீடு,-TR.NO/2022/0169/28/020121,,,2022/0169/28/020121,,,,,,,Y,N,2022-07-22 18:22:51.333+05:30,60,,"",,
28,01,001,002,0015,0007,1361,1F6,,1361/1FPT,Y,P,.                   ,2,2,  ,0,8,2 ,4 ,2.00,2,0,0,58.0,2.00,7987,0,16,பொதுபாதை காலியிடம்,2025/0153/28/001871TR DT. 2025-06-05,,,2025/0153/28/001871,,,,,,,Y,N,2025-06-05 15:01:11.3+05:30,60,,"",,""
28,01,001,002,0015,0007,1361,1G1,,1361/1GPT,Y,P,.                   ,2,2,  ,0,8,2 ,4 ,2.00,2,0,1,1.5,2.00,7988,0,16,பாதை,-TR.NO/2022/0169/28/020140,,,2022/0169/28/020140,,,,,,,Y,N,2022-07-22 18:22:51.333+05:30,60,,"",,
28,01,001,002,0015,0007,1361,1G2,,1361/GPT,Y,P,5                   ,1,5,  ,0,8,2 ,4 ,2.00,2,0,0,56.0,2.00,7989,0,16,ஓட்டுவீடு,"",,,,,,,,,,Y,N,2018-04-18 13:24:59+05:30,60,,"",,
28,01,001,002,0015,0007,1361,1G3,,1361/1GPT,Y,P,5a                  ,2,2,  ,0,8,2 ,4 ,2.00,2,0,0,18.5,2.00,7990,0,16,ஓட்டுவீடு,-TR.NO/2022/0169/28/020128,,,2022/0169/28/020128,,,,,,,Y,N,2022-07-22 18:22:51.333+05:30,60,,"",,
28,01,001,002,0015,0007,1361,1G4,,1361/1GPT,Y,P,5b                  ,2,2,  ,0,8,2 ,4 ,2.00,2,0,0,18.0,2.00,7991,0,16,கடை,-TR.NO/2022/0169/28/020146,,,2022/0169/28/020146,,,,,,,Y,N,2022-07-22 18:22:51.333+05:30,60,,"",,
28,01,001,002,0015,0007,1361,1G5,,1361/1GPT,Y,P,5c                  ,2,2,  ,0,8,2 ,4 ,2.00,2,0,0,18.5,2.00,7992,0,16,ஓட்டுவீடு,-TR.NO/2022/0169/28/020147,,,2022/0169/28/020147,,,,,,,Y,N,2022-07-22 18:22:51.333+05:30,60,,"",,
28,01,001,002,0015,0007,1361,1G6,,1361/1GPT,Y,P,5d                  ,1,5,  ,0,8,2 ,4 ,2.00,2,0,0,19.0,2.00,7993,0,16,காரைவீடு,"",,,,,,,,,,Y,N,2017-11-06 14:21:28+05:30,60,,"",,
28,01,001,002,0015,0005,1361,1H1,,1361/1HPT,Y,P,70e                 ,2,2,  ,0,8,2 ,4 ,2.00,2,0,0,23.0,2.00,7731,0,16,கடை,-TR.NO/2022/0169/28/020150,,,2022/0169/28/020150,,,,,,,Y,N,2022-07-22 18:22:51.333+05:30,60,,"",,
28,01,001,002,0015,0005,1361,1H2,,1361/1HPT,Y,P,70                  ,2,2,  ,0,0,"","",0.00,2,0,2,36.0,0.00,7732,0,16,காலிமனையும்வீடும்,-TR.NO/2022/0169/28/021287,,,2022/0169/28/021287,,,,,,,Y,N,2022-07-22 18:25:05.42+05:30,60,,"",,
28,01,001,002,0015,0005,1361,1H3,,1361/1HPT,Y,P,.                   ,2,2,  ,0,0,"","",0.00,2,0,0,78.5,0.00,7733,0,35,"",-TR.NO/2022/0169/28/021286 2026/0153/28/000390TR DT. 2026-02-24 2026/0153/28/000391TR DT. 2026-02-24,,,2026/0153/28/000391,,,,,,,Y,N,2026-02-24 19:23:00.692+05:30,60,,"",,""
28,01,001,002,0015,0005,1361,1H4,,1361/1HPT,Y,P,70a                 ,2,2,  ,0,8,2 ,4 ,2.00,2,0,0,16.0,2.00,7734,0,16,ஓட்டுவீடு,-TR.NO/2022/0169/28/020152 2026/0153/28/000390TR DT. 2026-02-24,,,2026/0153/28/000390,,,,,,,Y,N,2026-02-24 19:21:08.439+05:30,60,,"",,""
28,01,001,002,0015,0005,1361,1H5,,1361/1HPT,Y,P,70b                 ,2,2,  ,0,8,2 ,4 ,2.00,2,0,0,16.0,2.00,7735,0,16,ஓட்டுவீடு,-TR.NO/2022/0169/28/020154 2026/0153/28/000390TR DT. 2026-02-24 2026/0153/28/000391TR DT. 2026-02-24,,,2026/0153/28/000391,,,,,,,Y,N,2026-02-24 19:23:00.7+05:30,60,,"",,""
28,01,001,002,0015,0005,1361,1H6,,1361/1HPT,Y,P,70c                 ,2,2,  ,0,8,2 ,4 ,2.00,2,0,0,16.0,2.00,7736,0,16,ஓட்டுவீடு,-TR.NO/2022/0169/28/020156,,,2022/0169/28/020156,,,,,,,Y,N,2022-07-22 18:22:57.43+05:30,60,,"",,
28,01,001,002,0015,0005,1361,1H7,,1361/1HPT,Y,P,70d                 ,2,2,  ,0,8,2 ,4 ,2.00,2,0,0,16.0,2.00,7737,0,16,ஓட்டுவீடு,-TR.NO/2022/0169/28/020158,,,2022/0169/28/020158,,,,,,,Y,N,2022-07-22 18:22:57.43+05:30,60,,"",,
28,01,001,002,0015,0001,1361,1HL,,1361/1HPT,Y,P,70e                 ,1,5,  ,0,8,2 ,4 ,2.00,2,0,0,78.5,2.00,7586,0,16,கடை,"",,,,,,,,,,Y,N,2017-05-03 10:59:27+05:30,60,,"",,
28,01,001,002,0015,0007,1361,1I1,,1361/1IPT,Y,P,67                  ,1,5,  ,0,8,2 ,4 ,2.00,2,0,0,36.5,2.00,7994,0,16,ஓட்டுவீடு,"",,,,,,,,,,Y,N,2017-11-06 14:23:51+05:30,60,,"",,
28,01,001,002,0015,0005,1361,1I2,,1361/1IPT,Y,P,68                  ,2,2,  ,0,8,2 ,4 ,2.00,2,0,0,30.0,2.00,7738,0,16,ஓட்டுவீடுகாலியிடம்,-TR.NO/2022/0169/28/020160,,,2022/0169/28/020160,,,,,,,Y,N,2022-07-22 18:22:57.43+05:30,60,,"",,
28,01,001,002,0015,0005,1361,1I3,,1361/1IPT,Y,P,69                  ,2,2,  ,0,8,2 ,4 ,2.00,2,0,0,30.0,2.00,7739,0,16,ஒட்டுவீடு காலயிடம்,2025/0153/28/003922TR DT. 2025-09-16,,,2025/0153/28/003922,,,,,,,Y,N,2025-09-16 19:26:36.687+05:30,60,,"",,""
28,01,001,002,0015,0005,1361,1J,,1361/1J,Y,P,.                   ,1,2,  ,0,0,"","",0.00,2,0,1,26.5,0.00,0,0,16,பாதை,"",,,,,,,,,,Y,N,2018-04-19 10:33:36+05:30,60,,"",,
28,01,001,002,0015,0005,1361,1K,,1361/1K,Y,P,.                   ,1,2,  ,0,0,"","",0.00,2,0,0,48.5,0.00,0,0,16,தெரு,"",,,,,,,,,,Y,N,2018-04-19 10:34:47+05:30,60,,"",,
28,01,001,002,0015,0005,1361,1L1,,1361/1LPT,Y,P,50a                 ,2,2,  ,0,8,2 ,4 ,2.00,2,0,0,33.0,2.00,7740,0,16,ஓட்டுவீடு,-TR.NO/2022/0169/28/020164,,,2022/0169/28/020164,,,,,,,Y,N,2022-07-22 18:22:57.43+05:30,60,,"",,
28,01,001,002,0015,0005,1361,1L2,,1361/1LPT,Y,P,50                  ,2,2,  ,0,8,2 ,4 ,2.00,2,0,0,30.0,2.00,7741,0,16,ஓட்டுவீடு,-TR.NO/2022/0169/28/020166,,,2022/0169/28/020166,,,,,,,Y,N,2022-07-22 18:22:57.43+05:30,60,,"",,
28,01,001,002,0015,0005,1361,1M,,1361/1M,Y,P,49                  ,2,2,  ,0,8,2 ,4 ,2.00,2,0,0,39.0,2.00,7742,0,16,ஓட்டுவீடுகாலியிடம்,-TR.NO/2022/0169/28/020173,,,2022/0169/28/020173,,,,,,,Y,N,2022-07-22 18:22:57.43+05:30,60,,"",,
28,01,001,002,0015,0005,1361,1N,,1361/1N,Y,P,.                   ,2,2,  ,0,8,2 ,4 ,2.00,2,0,0,94.0,2.00,7743,0,36,காலியிடம்,-TR.NO/2022/0169/28/020169,,,2022/0169/28/020169,,,,,,,Y,N,2022-07-22 18:22:57.43+05:30,60,,"",,
28,01,001,002,0015,0005,1361,1O1,,1361/1OPT,Y,P,43                  ,2,2,  ,0,8,2 ,4 ,2.00,2,0,0,25.5,2.00,7744,0,16,ஓட்டுவீடு,-TR.NO/2022/0169/28/020174,,,2022/0169/28/020174,,,,,,,Y,N,2022-07-22 18:22:57.43+05:30,60,,"",,
28,01,001,002,0015,0005,1361,1O2,,1361/1OPT,Y,P,42                  ,2,2,  ,0,8,2 ,4 ,2.00,2,0,0,15.0,2.00,7745,0,16,ஓட்டுவீடு,-TR.NO/2022/0169/28/020175,,,2022/0169/28/020175,,,,,,,Y,N,2022-07-22 18:23:02.152+05:30,60,,"",,
28,01,001,002,0015,0005,1361,1O3,,1361/1OPT,Y,P,41                  ,2,2,  ,0,8,2 ,4 ,2.00,2,0,0,17.0,2.00,7746,0,16,ஓட்டுவீடு,-TR.NO/2022/0169/28/020178,,,2022/0169/28/020178,,,,,,,Y,N,2022-07-22 18:23:02.152+05:30,60,,"",,
28,01,001,002,0015,0005,1361,1O4,,1361/10PT,Y,P,.                   ,2,2,  ,0,8,2 ,4 ,2.00,2,0,0,20.0,2.00,7747,0,16,பாதை,-TR.NO/2022/0169/28/020180,,,2022/0169/28/020180,,,,,,,Y,N,2022-07-22 18:23:02.152+05:30,60,,"",,
28,01,001,002,0015,0005,1361,1P1,,1361/1PPT,Y,P,.                   ,2,2,  ,0,8,2 ,4 ,2.00,2,0,0,18.5,2.00,7748,0,16,பாதை,2024/0153/28/001659TR DT. 2024-06-11,,,2024/0153/28/001659,,,,,,,Y,N,2024-06-11 11:39:36.179+05:30,60,,"",,""
28,01,001,002,0015,0005,1361,1P2,,1361/1PPT,Y,P,37                  ,2,2,  ,0,8,2 ,4 ,2.00,2,0,0,43.0,2.00,7749,0,16,ஓட்டுவீடு,-TR.NO/2022/0169/28/020183,,,2022/0169/28/020183,,,,,,,Y,N,2022-07-22 18:23:02.152+05:30,60,,"",,
28,01,001,002,0015,0005,1361,1P3,,1361/1PPT,Y,P,36                  ,2,2,  ,0,8,2 ,4 ,2.00,2,0,0,13.0,2.00,7750,0,16,ஓட்டுவீடு,2024/0153/28/001659TR DT. 2024-06-11,,,2024/0153/28/001659,,,,,,,Y,N,2024-06-11 11:39:36.197+05:30,60,,"",,""
28,01,001,002,0015,0005,1361,1Q1,,1361/1QPT,Y,P,.                   ,2,2,  ,0,0,"","",2.00,2,0,0,38.5,0.00,65214,0,16,பொதுபாதை,-TR.NO/2022/0169/28/020193,,,2022/0169/28/020193,,,,,,,Y,N,2022-07-22 18:23:02.152+05:30,60,,"",,
28,01,001,002,0015,0005,1361,1Q2,,1361/1QPT,Y,P,34                  ,2,2,  ,0,8,2 ,4 ,2.00,2,0,0,17.0,2.00,7751,0,16,ஓட்டுவீடு,-TR.NO/2022/0169/28/020195 2026/0153/28/001258TR DT. 2026-05-23,,,2026/0153/28/001258,,,,,,,Y,N,2026-05-23 17:05:01.658+05:30,60,,"",,""
28,01,001,002,0015,0005,1361,1Q3,,1361/1QPT,Y,P,34a                 ,2,2,  ,0,0,"","",0.00,2,0,0,19.0,0.00,7752,0,16,ஒட்டுவீடு,-TR.NO/2022/0169/28/020198 2026/0153/28/001258TR DT. 2026-05-23,,,2026/0153/28/001258,,,,,,,Y,N,2026-05-23 17:05:01.666+05:30,60,,"",,""
28,01,001,002,0015,0006,1361,1R,,1361/1QPT,Y,P,34a                 ,1,2,  ,0,0,"","",0.00,2,0,1,83.0,0.00,0,0,16,கடை,"",,,,,,,,,,Y,N,2018-04-19 10:59:22+05:30,60,,"",,
28,01,001,002,0015,0005,1361,1S,,1361/1S,Y,P,.                   ,2,2,  ,0,8,2 ,4 ,2.00,2,0,0,22.5,2.00,7753,0,16,காலியிடம்,-TR.NO/2022/0169/28/020200 2026/0153/28/001720TR DT. 2026-07-05,,,2026/0153/28/001720,,,,,,,Y,N,2026-07-05 09:54:59.417+05:30,60,,"",,""
28,01,001,002,0015,0006,1361,1T1,,1361/1TPT,Y,P,.                   ,2,2,  ,0,8,2 ,4 ,2.00,2,0,0,49.0,2.00,65215,0,16,காலியிடம்,-TR.NO/2022/0169/28/020268,,,2022/0169/28/020268,,,,,,,Y,N,2022-07-22 18:23:09.426+05:30,60,,"",,
28,01,001,002,0015,0007,1361,1T2,,1361/1TPT,Y,P,3                   ,1,5,  ,0,8,2 ,4 ,2.00,2,0,0,36.0,2.00,0,0,16,கடை,"",,,,,,,,,,Y,N,2017-11-06 14:37:51+05:30,60,,"",,
28,01,001,002,0015,0006,1361,1U1,,1361/1TPT,Y,P,1                   ,2,2,  ,0,8,2 ,4 ,2.00,2,0,0,24.0,2.00,7910,0,16,கடைகாலியிடம்,2025/0153/28/005039TR DT. 2025-12-30,,,2025/0153/28/005039,,,,,,,Y,N,2025-12-30 23:51:45.925+05:30,60,,"",,""
28,01,001,002,0015,0006,1361,1U2,,1361/1TPT,Y,P,.                   ,2,2,  ,0,8,2 ,4 ,2.00,2,0,0,3.0,2.00,65216,0,16,காலிமனை,-TR.NO/2022/0169/28/020275,,,2022/0169/28/020275,,,,,,,Y,N,2022-07-22 18:23:09.426+05:30,60,,"",,
28,01,001,002,0015,0005,1361,1U3,,1361/TPT,Y,P,1a                  ,2,2,  ,0,8,2 ,4 ,2.00,2,0,1,46.0,2.00,7754,0,16,ஓட்டுவீடு,2025/0153/28/005039TR DT. 2025-12-30,,,2025/0153/28/005039,,,,,,,Y,N,2025-12-30 23:51:45.933+05:30,60,,காலியிடம்,,""
28,01,001,002,0015,0006,1361,1V1,,1361/1VPT,Y,P,.                   ,2,2,  ,0,8,2 ,4 ,2.00,2,0,0,70.5,2.00,7911,0,16,பூஸ்த்திரோடு,-TR.NO/2022/0169/28/020280,,,2022/0169/28/020280,,,,,,,Y,N,2022-07-22 18:23:09.426+05:30,60,,"",,
28,01,001,002,0015,0006,1361,1V2,,1361/1VPT,Y,P,3d                  ,2,2,  ,0,8,2 ,4 ,2.00,2,0,0,46.5,2.00,7912,0,16,கடை,-TR.NO/2022/0169/28/020282,,,2022/0169/28/020282,,,,,,,Y,N,2022-07-22 18:23:09.426+05:30,60,,"",,
28,01,001,002,0015,0006,1361,1V3,,1361/1VPT,Y,P,3f                  ,2,2,  ,0,8,2 ,4 ,2.00,2,0,0,43.5,2.00,7913,0,16,கடை,-TR.NO/2022/0169/28/020291,,,2022/0169/28/020291,,,,,,,Y,N,2022-07-22 18:23:09.426+05:30,60,,"",,
28,01,001,002,0015,0007,1361,1V4,,1361/1VPT,Y,P,"3e,3c               ",2,2,  ,0,8,2 ,4 ,2.00,2,0,0,72.0,2.00,7995,0,16,கடைமாடி,-TR.NO/2022/0169/28/020296,,,2022/0169/28/020296,,,,,,,Y,N,2022-07-22 18:23:09.426+05:30,60,,"",,
28,01,001,002,0015,0006,1361,1V5,,1361/1VPT,Y,P,3b                  ,2,2,  ,0,8,2 ,4 ,2.00,2,0,0,60.5,2.00,7914,0,16,கடை,-TR.NO/2022/0169/28/020298,,,2022/0169/28/020298,,,,,,,Y,N,2022-07-22 18:23:09.426+05:30,60,,"",,
28,01,001,002,0015,0006,1361,1V6,,1361/1VPT,Y,P,3c                  ,2,2,  ,0,8,2 ,4 ,2.00,2,0,0,52.5,2.00,7915,0,16,கடை,-TR.NO/2022/0169/28/020301,,,2022/0169/28/020301,,,,,,,Y,N,2022-07-22 18:23:09.426+05:30,60,,"",,
28,01,001,002,0015,0006,1361,1V7,,1361/1VPT,Y,P,.                   ,2,2,  ,0,8,2 ,4 ,2.00,2,0,0,1.5,2.00,7916,0,16,பாதை,2025/0153/28/005039TR DT. 2025-12-30,,,2025/0153/28/005039,,,,,,,Y,N,2025-12-30 23:51:45.939+05:30,60,,"",,""
28,01,001,002,0015,0006,1361,1V8,,1361/1VPT,Y,P,.                   ,2,2,  ,0,0,"","",2.00,2,0,5,61.0,0.00,65217,0,16,ஓட்டுவீடும் காலிமனையும்,-TR.NO/2022/0169/28/020305,,,2022/0169/28/020305,,,,,,,Y,N,2022-07-22 18:23:15.073+05:30,60,,"",,
28,01,001,002,0015,0006,1361,1W1,,1361/1WPT,Y,P,20                  ,2,2,  ,0,8,2 ,4 ,2.00,2,0,0,37.0,2.00,7917,0,16,ஓட்டுவீடு,-TR.NO/2022/0169/28/020307,,,2022/0169/28/020307,,,,,,,Y,N,2022-07-22 18:23:15.073+05:30,60,,"",,
28,01,001,002,0015,0006,1361,1W2,,1361/1WPT,Y,P,21                  ,2,2,  ,0,8,2 ,4 ,2.00,2,0,0,18.5,2.00,7918,0,16,ஓட்டுவீடு,-TR.NO/2022/0169/28/020313,,,2022/0169/28/020313,,,,,,,Y,N,2022-07-22 18:23:15.073+05:30,60,,"",,
28,01,001,002,0015,0006,1361,1W3,,1361/1WPT,Y,P,"22,24               ",2,2,  ,0,8,2 ,4 ,2.00,2,0,0,38.0,2.00,7919,0,16,ஓட்டுவீடு,-TR.NO/2022/0169/28/020318,,,2022/0169/28/020318,,,,,,,Y,N,2022-07-22 18:23:15.073+05:30,60,,"",,
28,01,001,002,0015,0006,1361,1W4,,1361/1WPT,Y,P,.                   ,2,2,  ,0,8,2 ,4 ,2.00,2,0,0,49.0,2.00,7920,0,16,கழிப்பிடம் முற்றம் பாதை,-TR.NO/2022/0169/28/020321,,,2022/0169/28/020321,,,,,,,Y,N,2022-07-22 18:23:15.073+05:30,60,,"",,
28,01,001,002,0015,0006,1361,1X1,,1361/1XPT,Y,P,25                  ,2,2,  ,0,8,2 ,4 ,2.00,2,0,0,65.0,2.00,7921,0,16,மட்டப்பா வீடு,-TR.NO/2022/0169/28/020324,,,2022/0169/28/020324,,,,,,,Y,N,2022-07-22 18:23:15.073+05:30,60,,"",,
28,01,001,002,0015,0006,1361,1X2,,1361/1XPT,Y,P,26                  ,2,2,  ,0,8,2 ,4 ,2.00,2,0,0,15.0,2.00,7922,0,16,ஒட்டுவீடு,-TR.NO/2022/0169/28/020326,,,2022/0169/28/020326,,,,,,,Y,N,2022-07-22 18:23:15.073+05:30,60,,"",,
28,01,001,002,0015,0006,1361,1X3,,1361/1XPT,Y,P,27                  ,2,2,  ,0,8,2 ,4 ,2.00,2,0,0,13.0,2.00,7923,0,16,ஓட்டுவீடு,-TR.NO/2022/0169/28/020337,,,2022/0169/28/020337,,,,,,,Y,N,2022-07-22 18:23:15.073+05:30,60,,"",,
28,01,001,002,0015,0006,1361,1X4,,1361/1XPT,Y,P,.                   ,2,2,  ,0,8,2 ,4 ,2.00,2,0,0,13.0,2.00,7924,0,16,பாதை கழிப்பிடம்,-TR.NO/2022/0169/28/020341,,,2022/0169/28/020341,,,,,,,Y,N,2022-07-22 18:23:15.073+05:30,60,,"",,
28,01,001,002,0015,0006,1361,1X5,,1361/1XPT,Y,P,.                   ,2,2,  ,0,8,2 ,4 ,2.00,2,0,0,46.0,2.00,7925,0,16,கட்டிடம் காலியிடம்,-TR.NO/2022/0169/28/020345,,,2022/0169/28/020345,,,,,,,Y,N,2022-07-22 18:23:19.546+05:30,60,,"",,
28,01,001,002,0015,0006,1361,1Y1,,1361/1YPT,Y,P,.                   ,2,2,  ,0,8,2 ,4 ,2.00,2,0,0,67.0,2.00,7926,0,16,முற்றம்,-TR.NO/2022/0169/28/020350,,,2022/0169/28/020350,,,,,,,Y,N,2022-07-22 18:23:19.546+05:30,60,,"",,
28,01,001,002,0015,0006,1361,1Y2,,1361/1YPT,Y,P,28                  ,2,2,  ,0,8,2 ,4 ,2.00,2,0,0,28.5,2.00,7927,0,16,ஓட்டுவீடு,-TR.NO/2022/0169/28/020352,,,2022/0169/28/020352,,,,,,,Y,N,2022-07-22 18:23:19.546+05:30,60,,"",,
28,01,001,002,0015,0006,1361,1Y3,,1361/1YPT,Y,P,29                  ,2,2,  ,0,8,2 ,4 ,2.00,2,0,0,27.5,2.00,7928,0,16,ஓட்டுவீடு,-TR.NO/2022/0169/28/020357,,,2022/0169/28/020357,,,,,,,Y,N,2022-07-22 18:23:19.546+05:30,60,,"",,
28,01,001,002,0015,0006,1361,1Y4,,1361/1YPT,Y,P,30                  ,2,2,  ,0,8,2 ,4 ,2.00,2,0,0,27.5,2.00,7929,0,16,ஓட்டுவீடு,-TR.NO/2022/0169/28/020360,,,2022/0169/28/020360,,,,,,,Y,N,2022-07-22 18:23:19.546+05:30,60,,"",,
28,01,001,002,0015,0006,1361,1Y5,,1361/1YPT,Y,P,31                  ,2,2,  ,0,8,2 ,4 ,2.00,2,0,0,27.5,2.00,7930,0,16,ஒடடுவீடு,-TR.NO/2022/0169/28/020362,,,2022/0169/28/020362,,,,,,,Y,N,2022-07-22 18:23:19.546+05:30,60,,"",,
28,01,001,002,0015,0004,1361,1Y6,,1361/1YPT,Y,P,32                  ,2,2,  ,0,8,2 ,4 ,2.00,2,0,0,26.5,2.00,7728,0,16,ஓட்டுவீடு,-TR.NO/2022/0169/28/020372,,,2022/0169/28/020372,,,,,,,Y,N,2022-07-22 18:23:19.546+05:30,60,,"",,
28,01,001,002,0015,0004,1361,1Y7,,1361/1YPT,Y,P,33                  ,2,2,  ,0,8,2 ,4 ,2.00,2,0,0,28.5,2.00,7729,0,16,ஒட்டுவீடு,-TR.NO/2022/0169/28/020375,,,2022/0169/28/020375,,,,,,,Y,N,2022-07-22 18:23:19.546+05:30,60,,"",,
28,01,001,002,0015,0003,1361,1Z,,1361/1Z,Y,P,1a                  ,2,2,  ,0,8,2 ,4 ,2.00,2,0,0,55.0,2.00,7725,0,16,லேத் ஒர்க்ஸ் காலியிடம்,-TR.NO/2022/0169/28/020381,,,2022/0169/28/020381,,,,,,,Y,N,2022-07-22 18:23:19.546+05:30,60,,"",,
28,01,001,002,0015,0006,1361,2A,,1361/2PT,Y,P,"1,1a                ",2,2,  ,0,8,2 ,4 ,2.00,2,0,0,98.0,2.00,7931,0,16,ஓட்டு காலியிடம்,-TR.NO/2022/0169/28/020392,,,2022/0169/28/020392,,,,,,,Y,N,2022-07-22 18:23:19.546+05:30,60,,"",,
28,01,001,002,0015,0003,1361,2B,,1361/2PT,Y,P,3                   ,2,2,  ,0,8,2 ,4 ,2.00,2,0,0,51.0,2.00,65218,0,16,கடை,-TR.NO/2022/0169/28/020401,,,2022/0169/28/020401,,,,,,,Y,N,2022-07-22 18:23:25.185+05:30,60,,"",,
28,01,001,002,0015,0003,1362,1,,1362/PT,Y,P,46                  ,2,2,  ,0,8,2 ,4 ,2.00,2,0,0,45.0,2.00,7726,0,16,ஓட்டுவீடு,2025/0153/28/001678TR DT. 2025-05-20,,,2025/0153/28/001678,,,,,,,Y,N,2025-05-20 17:05:29.381+05:30,60,,"",,""
28,01,001,002,0015,0007,1362,10,,1362/PT,Y,P,36                  ,2,2,  ,0,8,2 ,4 ,2.00,2,0,0,71.0,2.00,7996,0,36,"",-TR.NO/2022/0169/28/020448,,,2022/0169/28/020448,,,,,,,Y,N,2022-07-22 18:23:29.518+05:30,60,,"",,
28,01,001,002,0015,0006,1362,11,,1362/PT,Y,P,34                  ,2,2,  ,0,8,2 ,4 ,2.00,2,0,2,2.5,2.00,7932,0,36,காலியிடம்,2023/0153/28/001164TR DT. 2023-06-12,,,2023/0153/28/001164,,,,,,,Y,N,2023-06-12 11:18:21.475+05:30,60,,"",,""
28,01,001,002,0015,0006,1362,12,,1362/PT,Y,P,33b                 ,2,2,  ,0,8,2 ,4 ,2.00,2,0,0,32.0,2.00,7933,0,16,ஓட்டுவீடு,-TR.NO/2022/0169/28/020460,,,2022/0169/28/020460,,,,,,,Y,N,2022-07-22 18:23:29.518+05:30,60,,"",,
28,01,001,002,0015,0006,1362,13,,1362/PT,Y,P,33                  ,2,2,  ,0,8,2 ,4 ,2.00,2,0,0,76.5,2.00,7934,0,16,ஓட்டுவீடு,-TR.NO/2022/0169/28/020464,,,2022/0169/28/020464,,,,,,,Y,N,2022-07-22 18:23:29.518+05:30,60,,"",,
28,01,001,002,0015,0006,1362,14,,1362/PT,Y,P,33a                 ,2,2,  ,0,8,2 ,4 ,2.00,2,0,0,40.0,2.00,7935,0,36,"",-TR.NO/2022/0169/28/020468,,,2022/0169/28/020468,,,,,,,Y,N,2022-07-22 18:23:29.518+05:30,60,,பாதை,,
28,01,001,002,0015,0006,1362,15,,1362/PT,Y,P,32                  ,2,2,  ,0,8,2 ,4 ,2.00,2,0,1,48.0,2.00,7936,0,36,காலியிடம்,-TR.NO/2022/0169/28/020472,,,2022/0169/28/020472,,,,,,,Y,N,2022-07-22 18:23:29.518+05:30,60,,"",,
28,01,001,002,0015,0007,1362,16,,1362/PT,Y,P,28                  ,2,2,  ,0,8,2 ,4 ,2.00,2,0,0,71.0,2.00,7997,0,36,"",-TR.NO/2022/0169/28/020474,,,2022/0169/28/020474,,,,,,,Y,N,2022-07-22 18:23:29.518+05:30,60,,காலியிடம்,,
28,01,001,002,0015,0006,1362,17,,1362/PT,Y,P,31                  ,2,2,  ,0,8,2 ,4 ,2.00,2,0,0,26.0,2.00,7937,0,36,"",-TR.NO/2022/0169/28/020477,,,2022/0169/28/020477,,,,,,,Y,N,2022-07-22 18:23:29.518+05:30,60,,"",,
28,01,001,002,0015,0006,1362,18,,1362/PT,Y,P,30                  ,2,2,  ,0,8,2 ,4 ,2.00,2,0,0,31.5,2.00,7938,0,36,"",-TR.NO/2022/0169/28/020479,,,2022/0169/28/020479,,,,,,,Y,N,2022-07-22 18:23:29.518+05:30,60,,"",,
28,01,001,002,0015,0006,1362,19,,1362/PT,Y,P,.                   ,2,2,  ,0,0,"","",2.00,2,0,1,62.5,0.00,65219,0,16,பொதுபாதை,-TR.NO/2022/0169/28/020482,,,2022/0169/28/020482,,,,,,,Y,N,2022-07-22 18:23:29.518+05:30,60,,"",,
28,01,001,002,0015,0008,1362,2,,1362/PT,Y,P,45                  ,2,2,  ,0,8,2 ,4 ,2.00,2,0,0,49.5,2.00,8062,0,16,ஓட்டுவீடு,-TR.NO/2022/0169/28/020415,,,2022/0169/28/020415,,,,,,,Y,N,2022-07-22 18:23:25.185+05:30,60,,"",,
28,01,001,002,0015,0006,1362,20,,1362/PT,Y,P,.                   ,2,2,  ,0,8,2 ,4 ,2.00,2,0,2,99.0,2.00,7939,0,16,பொதுபாதை,-TR.NO/2022/0169/28/020490,,,2022/0169/28/020490,,,,,,,Y,N,2022-07-22 18:23:33.841+05:30,60,,"",,
28,01,001,002,0015,0007,1362,21,,1362/PT,Y,P,27                  ,2,2,  ,0,8,2 ,4 ,2.00,2,0,0,35.0,2.00,7998,0,36,"",-TR.NO/2022/0169/28/020494,,,2022/0169/28/020494,,,,,,,Y,N,2022-07-22 18:23:33.841+05:30,60,,"",,
28,01,001,002,0015,0007,1362,22,,1362/PT,Y,P,26                  ,2,2,  ,0,8,2 ,4 ,2.00,2,0,0,34.5,2.00,7999,0,36,"",-TR.NO/2022/0169/28/020501,,,2022/0169/28/020501,,,,,,,Y,N,2022-07-22 18:23:33.841+05:30,60,,"",,
28,01,001,002,0015,0007,1362,23,,1362/PT,Y,P,25                  ,2,2,  ,0,8,2 ,4 ,2.00,2,0,0,33.5,2.00,8000,0,36,"",-TR.NO/2022/0169/28/020503,,,2022/0169/28/020503,,,,,,,Y,N,2022-07-22 18:23:33.841+05:30,60,,"",,
28,01,001,002,0015,0007,1362,24,,1362/PT,Y,P,24                  ,2,2,  ,0,8,2 ,4 ,2.00,2,0,0,34.5,2.00,8001,0,36,"",-TR.NO/2022/0169/28/020508,,,2022/0169/28/020508,,,,,,,Y,N,2022-07-22 18:23:33.841+05:30,60,,"",,
28,01,001,002,0015,0007,1362,25,,1362/PT,Y,P,23                  ,2,2,  ,0,8,2 ,4 ,2.00,2,0,0,34.5,2.00,8002,0,36,"",-TR.NO/2022/0169/28/020510,,,2022/0169/28/020510,,,,,,,Y,N,2022-07-22 18:23:33.841+05:30,60,,"",,
28,01,001,002,0015,0007,1362,26,,1362/PT,Y,P,22                  ,2,2,  ,0,8,2 ,4 ,2.00,2,0,0,33.5,2.00,8003,0,36,"",-TR.NO/2022/0169/28/020512,,,2022/0169/28/020512,,,,,,,Y,N,2022-07-22 18:23:33.841+05:30,60,,"",,
28,01,001,002,0015,0007,1362,27,,1362/PT,Y,P,21                  ,2,2,  ,0,8,2 ,4 ,2.00,2,0,0,34.5,2.00,8004,0,36,"",-TR.NO/2022/0169/28/020517,,,2022/0169/28/020517,,,,,,,Y,N,2022-07-22 18:23:33.841+05:30,60,,"",,
28,01,001,002,0015,0007,1362,28,,1362/PT,Y,P,20                  ,2,2,  ,0,8,2 ,4 ,2.00,2,0,0,34.5,2.00,8005,0,36,"",-TR.NO/2022/0169/28/020521,,,2022/0169/28/020521,,,,,,,Y,N,2022-07-22 18:23:33.841+05:30,60,,"",,
28,01,001,002,0015,0006,1362,29,,1362/PT,Y,P,19                  ,2,2,  ,0,8,2 ,4 ,2.00,2,0,0,37.0,2.00,7940,0,36,"",-TR.NO/2022/0169/28/020525,,,2022/0169/28/020525,,,,,,,Y,N,2022-07-22 18:23:33.841+05:30,60,,"",,
28,01,001,002,0015,0008,1362,3,,1362/PT,Y,P,44                  ,2,2,  ,0,8,2 ,4 ,2.00,2,0,1,11.5,2.00,8063,0,16,ஓட்டுவீடு,-TR.NO/2022/0169/28/020421,,,2022/0169/28/020421,,,,,,,Y,N,2022-07-22 18:23:25.185+05:30,60,,"",,
28,01,001,002,0015,0006,1362,30,,1362/PT,Y,P,"18,18c              ",2,2,  ,0,8,2 ,4 ,2.00,2,0,2,53.5,2.00,7941,0,36,காலியிடம்,-TR.NO/2022/0169/28/020529,,,2022/0169/28/020529,,,,,,,Y,N,2022-07-22 18:23:38.097+05:30,60,,"",,
28,01,001,002,0015,0006,1362,31,,1362/PT,Y,P,18a                 ,2,2,  ,0,8,2 ,4 ,2.00,2,0,0,16.5,2.00,7942,0,16,ஓட்டுவீடு,-TR.NO/2022/0169/28/020531,,,2022/0169/28/020531,,,,,,,Y,N,2022-07-22 18:23:38.097+05:30,60,,"",,
28,01,001,002,0015,0006,1362,32,,1362/PT,Y,P,18b                 ,2,2,  ,0,8,2 ,4 ,2.00,2,0,0,18.0,2.00,7943,0,16,ஓட்டுவீடு,-TR.NO/2022/0169/28/020533,,,2022/0169/28/020533,,,,,,,Y,N,2022-07-22 18:23:38.097+05:30,60,,"",,
28,01,001,002,0015,0007,1362,33,,1362/PT,Y,P,38                  ,2,2,  ,0,8,2 ,4 ,2.00,2,0,0,42.0,2.00,8006,0,36,"",-TR.NO/2022/0169/28/020539,,,2022/0169/28/020539,,,,,,,Y,N,2022-07-22 18:23:38.097+05:30,60,,"",,
28,01,001,002,0015,0007,1362,34,,1362/PT,Y,P,37                  ,2,2,  ,0,8,2 ,4 ,2.00,2,0,0,47.0,2.00,8007,0,36,"",-TR.NO/2022/0169/28/020542,,,2022/0169/28/020542,,,,,,,Y,N,2022-07-22 18:23:38.097+05:30,60,,"",,
28,01,001,002,0015,0006,1362,4,,1362/PT,Y,P,43                  ,2,2,  ,0,8,2 ,4 ,2.00,2,0,0,62.5,2.00,7944,0,16,ஓட்டுவீடு,-TR.NO/2022/0169/28/020428,,,2022/0169/28/020428,,,,,,,Y,N,2022-07-22 18:23:25.185+05:30,60,,"",,
28,01,001,002,0015,0006,1362,5,,1362/PT,Y,P,42                  ,2,2,  ,0,8,2 ,4 ,2.00,2,0,0,39.5,2.00,7945,0,16,ஓட்டுவீடு,-TR.NO/2022/0169/28/020431,,,2022/0169/28/020431,,,,,,,Y,N,2022-07-22 18:23:25.185+05:30,60,,"",,
28,01,001,002,0015,0007,1362,6,,1362/PT,Y,P,41                  ,2,2,  ,0,8,2 ,4 ,2.00,2,0,0,38.0,2.00,8008,0,36,"",-TR.NO/2022/0169/28/020434,,,2022/0169/28/020434,,,,,,,Y,N,2022-07-22 18:23:25.185+05:30,60,,"",,
28,01,001,002,0015,0007,1362,7,,1362/PT,Y,P,40                  ,2,2,  ,0,8,2 ,4 ,2.00,2,0,0,40.5,2.00,8009,0,36,"",-TR.NO/2022/0169/28/020437,,,2022/0169/28/020437,,,,,,,Y,N,2022-07-22 18:23:25.185+05:30,60,,"",,
28,01,001,002,0015,0007,1362,8,,1362/PT,Y,P,.                   ,2,2,  ,0,8,2 ,4 ,2.00,2,0,2,5.0,2.00,8010,0,16,பொது முற்றம்,-TR.NO/2022/0169/28/020441,,,2022/0169/28/020441,,,,,,,Y,N,2022-07-22 18:23:25.185+05:30,60,,"",,
28,01,001,002,0015,0006,1362,9,,1362/PT,Y,P,.                   ,2,2,  ,0,8,2 ,4 ,2.00,2,0,0,69.5,2.00,7946,0,16,ஓட்டுவீடு,-TR.NO/2022/0169/28/020443,,,2022/0169/28/020443,,,,,,,Y,N,2022-07-22 18:23:25.185+05:30,60,,"",,
28,01,001,002,0015,0007,1363,0,,1363,Y,P,.                   ,2,2,  ,0,8,2 ,4 ,2.00,2,0,2,14.0,0.00,8011,0,16,மட்டப்பா கட்டிடம்,2023/0153/28/002642TR DT. 2023-10-19 2026/0153/28/000899TR DT. 2026-05-14,,,2026/0153/28/000899,,,,,,,Y,N,2026-05-14 09:57:40.443+05:30,60,,காலியிடம்,,""
28,01,001,002,0015,0006,1364,0,,1364,Y,P,.                   ,2,2,  ,0,8,2 ,4 ,2.00,2,0,15,72.0,0.00,7947,0,16,காலியிடம்,2025/0153/28/000283TR DT. 2025-03-04,,,2025/0153/28/000283,,,,,,,Y,N,2025-03-04 18:29:21.467+05:30,60,,"",,""
28,01,001,002,0015,0007,1365,1,,1365/PT,Y,P,51a                 ,1,2,  ,0,0,"","",0.00,2,0,0,50.0,0.00,0,0,16,கடை,"",,,,,,,,,,Y,N,2018-04-19 12:03:07+05:30,60,,"",,
28,01,001,002,0015,0006,1365,2,,1365/PT,Y,P,55                  ,1,2,  ,0,0,"","",0.00,2,0,0,30.5,0.00,0,0,16,ஓடு கூரை கடை,"",,,,,,,,,,Y,N,2018-04-19 12:04:33+05:30,60,,"",,
28,01,001,002,0015,0006,1365,3,,1365/PT,Y,P,54                  ,1,2,  ,0,0,"","",0.00,2,0,0,22.5,0.00,0,0,16,ஓடு கூரை கடை,"",,,,,,,,,,Y,N,2018-04-19 12:05:19+05:30,60,,"",,
28,01,001,002,0015,0006,1365,4,,1365/PT,Y,P,"52,53               ",1,2,  ,0,0,"","",0.00,2,0,0,30.5,0.00,0,0,16,ஓடு கூரை கடை,"",,,,,,,,,,Y,N,2018-04-19 12:06:03+05:30,60,,"",,
28,01,001,002,0015,0006,1365,5,,1365/PT,Y,P,51a                 ,1,2,  ,0,0,"","",0.00,2,0,0,20.5,0.00,0,0,16,ஓட்டுவீடு,"",,,,,,,,,,Y,N,2018-04-19 12:06:39+05:30,60,,"",,
28,01,001,002,0015,0007,1365,6,,1365/PT,Y,P,51b                 ,1,2,  ,0,0,"","",0.00,2,0,0,20.5,0.00,0,0,16,ஓட்டுவீடு,"",,,,,,,,,,Y,N,2018-04-19 12:07:21+05:30,60,,"",,
28,01,001,002,0015,0007,1365,7,,1365/PT,Y,P,50                  ,1,2,  ,0,0,"","",0.00,2,0,0,20.0,0.00,0,0,16,ஓட்டுவீடு,"",,,,,,,,,,Y,N,2018-04-19 17:08:18+05:30,60,,"",,
28,01,001,002,0015,0007,1365,8,,1365/PT,Y,P,49                  ,1,2,  ,0,0,"","",0.00,2,0,0,22.0,0.00,0,0,16,ஓட்டுவீடு,"",,,,,,,,,,Y,N,2018-04-19 17:10:15+05:30,60,,"",,
28,01,001,002,0015,0007,1365,9,,1365/PT,Y,P,.                   ,1,2,  ,0,0,"","",0.00,2,0,1,57.0,0.00,0,0,16,முற்றம் நடை பாதை,"",,,,,,,,,,Y,N,2018-04-19 17:10:28+05:30,60,,"",,
28,01,001,002,0015,0007,1366,1,,1366/PT,Y,P,58                  ,2,2,  ,0,8,2 ,4 ,2.00,2,0,3,76.0,2.00,8012,0,16,ஓர்க்‍ஷாப் காலியிடம்,-TR.NO/2022/0169/28/020561,,,2022/0169/28/020561,,,,,,,Y,N,2022-07-22 18:23:38.097+05:30,60,,"",,
28,01,001,002,0015,0007,1366,2,,1366/PT,Y,P,57                  ,2,2,  ,0,8,2 ,4 ,2.00,2,0,0,31.0,2.00,8013,0,36,"",-TR.NO/2022/0169/28/020563,,,2022/0169/28/020563,,,,,,,Y,N,2022-07-22 18:23:38.097+05:30,60,,"",,
28,01,001,002,0015,0008,1366,3,,1366/PT,Y,P,57a                 ,2,2,  ,0,8,2 ,4 ,2.00,2,0,0,29.0,2.00,8064,0,16,ஓட்டுவீடு,-TR.NO/2022/0169/28/020566,,,2022/0169/28/020566,,,,,,,Y,N,2022-07-22 18:23:38.097+05:30,60,,"",,
28,01,001,002,0015,0007,1366,4,,1366/PT,Y,P,.                   ,2,2,  ,0,8,2 ,4 ,2.00,2,0,18,25.5,2.00,8014,0,16,ரைஸ்மில்,2024/0153/28/003174TR DT. 2024-12-02,,,2024/0153/28/003174,,,,,,,Y,N,2024-12-02 18:18:24.893+05:30,60,,காலியிடம்,,""
28,01,001,002,0015,0007,1366,5,,1366/PT,Y,P,56                  ,2,2,  ,0,8,2 ,4 ,2.00,2,0,3,98.0,2.00,8015,0,16,ஓர்க்‍ஷாப் காலியிடம்,-TR.NO/2022/0169/28/020573,,,2022/0169/28/020573,,,,,,,Y,N,2022-07-22 18:23:41.886+05:30,60,,"",,
28,01,001,002,0015,0008,1366,6,,1366/PT,Y,P,36a                 ,2,2,  ,0,8,2 ,4 ,2.00,2,0,0,62.5,2.00,8065,0,16,கடை,2026/0153/28/000062TR DT. 2026-01-30,,,2026/0153/28/000062,,,,,,,Y,N,2026-01-30 12:23:26.017+05:30,60,,காலியிடம்,,""
28,01,001,002,0015,0007,1367,1,,1367/PT,Y,P,.                   ,2,2,  ,0,8,2 ,4 ,2.00,2,0,3,65.5,2.00,8016,0,16,காலியிடம்,-TR.NO/2022/0169/28/020577,,,2022/0169/28/020577,,,,,,,Y,N,2022-07-22 18:23:41.886+05:30,60,,ஓர்க்ஸாப்,,
28,01,001,002,0015,0007,1367,2,,1367/PT,Y,P,.                   ,2,2,  ,0,8,2 ,4 ,2.00,2,0,1,92.0,2.00,8017,0,16,காலியிடம்,-TR.NO/2022/0169/28/020578,,,2022/0169/28/020578,,,,,,,Y,N,2022-07-22 18:23:41.886+05:30,60,,ஒர்க்‍ஷாப்,,
28,01,001,002,0015,0007,1367,3,,1367/PT,Y,P,.                   ,2,2,  ,0,8,2 ,4 ,2.00,2,0,0,49.0,2.00,8018,0,16,ஒர்க்‍ஷாப்,-TR.NO/2022/0169/28/020579,,,2022/0169/28/020579,,,,,,,Y,N,2022-07-22 18:23:41.886+05:30,60,,"",,
28,01,001,002,0015,0005,1367,4,,1367/PT,Y,P,.                   ,2,2,  ,0,8,2 ,4 ,2.00,2,0,0,27.0,2.00,7755,0,16,ஓர்க்ஸாப்,-TR.NO/2022/0169/28/020582,,,2022/0169/28/020582,,,,,,,Y,N,2022-07-22 18:23:41.886+05:30,60,,"",,
28,01,001,002,0015,0007,1367,5,,1367/PT,Y,P,.                   ,2,2,  ,0,8,2 ,4 ,2.00,2,0,0,19.0,2.00,8019,0,16,ஓர்க்‍ஷாப்,-TR.NO/2022/0169/28/020584,,,2022/0169/28/020584,,,,,,,Y,N,2022-07-22 18:23:41.886+05:30,60,,"",,
28,01,001,002,0015,0005,1367,6,,1367/PT,Y,P,.                   ,2,2,  ,0,8,2 ,4 ,2.00,2,0,0,19.0,2.00,7756,0,16,ஒர்க்‍ஷாப்,-TR.NO/2022/0169/28/020585,,,2022/0169/28/020585,,,,,,,Y,N,2022-07-22 18:23:41.886+05:30,60,,"",,
28,01,001,002,0015,0005,1367,7,,1367/PT,Y,P,.                   ,2,2,  ,0,8,2 ,4 ,2.00,2,0,0,40.5,2.00,7757,0,16,ஓர்க்‍ஷாப்,-TR.NO/2022/0169/28/020588,,,2022/0169/28/020588,,,,,,,Y,N,2022-07-22 18:23:41.886+05:30,60,,"",,
28,01,001,002,0015,0007,1368,1,,1368/PT,Y,P,62                  ,2,2,  ,0,8,2 ,4 ,2.00,2,0,0,75.0,2.00,8020,0,16,ஓர்க்‍ஷாப்,-TR.NO/2022/0169/28/020595,,,2022/0169/28/020595,,,,,,,Y,N,2022-07-22 18:23:45.602+05:30,60,,"",,
28,01,001,002,0015,0005,1368,2,,1368/PT,Y,P,62/a                ,2,2,  ,0,8,2 ,4 ,2.00,2,0,0,73.0,2.00,7758,0,16,ஓர்க்‍ஷாப்,-TR.NO/2022/0169/28/020599,,,2022/0169/28/020599,,,,,,,Y,N,2022-07-22 18:23:45.602+05:30,60,,"",,
28,01,001,002,0015,0005,1368,3,,1368/PT,Y,P,62/4                ,2,2,  ,0,8,2 ,4 ,2.00,2,0,1,1.0,2.00,7759,0,16,ஓர்க்‍ஷாப்,-TR.NO/2022/0169/28/020602,,,2022/0169/28/020602,,,,,,,Y,N,2022-07-22 18:23:45.602+05:30,60,,"",,
28,01,001,002,0015,0005,1368,4,,1368/PT,Y,P,62/5                ,2,2,  ,0,8,2 ,4 ,2.00,2,0,1,4.0,2.00,7760,0,16,ஒர்க்‍ஷாப்,-TR.NO/2022/0169/28/020603,,,2022/0169/28/020603,,,,,,,Y,N,2022-07-22 18:23:45.602+05:30,60,,"",,
28,01,001,002,0015,0005,1368,5,,1368/PT,Y,P,62/3                ,2,2,  ,0,8,2 ,4 ,2.00,2,0,0,66.0,2.00,7761,0,16,ஓர்க்‍ஷாப்,-TR.NO/2022/0169/28/020605,,,2022/0169/28/020605,,,,,,,Y,N,2022-07-22 18:23:45.602+05:30,60,,"",,
28,01,001,002,0015,0005,1368,6,,1368/PT,Y,P,62/3a               ,2,2,  ,0,8,2 ,4 ,2.00,2,0,0,68.0,2.00,7762,0,16,ஓர்க்‍ஷாப்,-TR.NO/2022/0169/28/020607,,,2022/0169/28/020607,,,,,,,Y,N,2022-07-22 18:23:45.602+05:30,60,,"",,
28,01,001,002,0015,0005,1368,7,,1368/PT,Y,P,.                   ,2,2,  ,0,8,2 ,4 ,2.00,2,0,0,9.5,2.00,7763,0,16,ஓர்க்‍ஷாப்,-TR.NO/2022/0169/28/020608,,,2022/0169/28/020608,,,,,,,Y,N,2022-07-22 18:23:45.602+05:30,60,,"",,
28,01,001,002,0015,0005,1368,8,,1368/PT,Y,P,.                   ,2,2,  ,0,8,2 ,4 ,2.00,2,0,3,64.5,2.00,7764,0,16,ஓர்க்‍ஷாப்,-TR.NO/2022/0169/28/020609,,,2022/0169/28/020609,,,,,,,Y,N,2022-07-22 18:23:45.602+05:30,60,,"",,
28,01,001,002,0015,0005,1369,1,,1369/PT,Y,P,63/c.               ,2,2,  ,0,8,2 ,4 ,2.00,2,0,0,69.5,2.00,7765,0,36,ஓட்டுவீடு,-TR.NO/2022/0169/28/020610,,,2022/0169/28/020610,,,,,,,Y,N,2022-07-22 18:23:45.602+05:30,60,,"",,
28,01,001,002,0015,0005,1369,2,,1369/PT,Y,P,63/b                ,2,2,  ,0,8,2 ,4 ,2.00,2,0,0,61.5,2.00,7766,0,16,ஓட்டுவீடு,-TR.NO/2022/0169/28/020611,,,2022/0169/28/020611,,,,,,,Y,N,2022-07-22 18:23:45.602+05:30,60,,"",,
28,01,001,002,0015,0005,1369,3,,1369/PT,Y,P,63/a                ,2,2,  ,0,8,2 ,4 ,2.00,2,0,0,63.0,2.00,7767,0,16,ஓட்டுவீடு,-TR.NO/2022/0169/28/020612,,,2022/0169/28/020612,,,,,,,Y,N,2022-07-22 18:23:49.672+05:30,60,,"",,
28,01,001,002,0015,0006,1369,4,,1369/PT,Y,P,.                   ,2,2,  ,0,8,2 ,4 ,2.00,2,0,3,84.5,2.00,7948,0,16,காலியிடம்,2023/0153/28/001046TR DT. 2023-05-27 2026/0153/28/001398TR DT. 2026-06-12,,,2026/0153/28/001398,,,,,,,Y,N,2026-06-12 19:15:14.559+05:30,60,,"",,""
28,01,001,002,0015,0006,1370,1,,1370/1,Y,P,70                  ,2,2,  ,0,8,2 ,4 ,2.00,2,0,2,92.5,2.00,7949,0,16,சர்வீஸ் கம்பெனி,-TR.NO/2022/0169/28/020614,,,2022/0169/28/020614,,,,,,,Y,N,2022-07-22 18:23:49.672+05:30,60,,காலியிடம்,,
28,01,001,002,0015,0006,1370,2A,,1370/2A,Y,P,66                  ,2,2,  ,0,8,2 ,4 ,2.00,2,0,2,4.0,2.00,7950,0,16,கடை,-TR.NO/2022/0169/28/020615,,,2022/0169/28/020615,,,,,,,Y,N,2022-07-22 18:23:49.672+05:30,60,,காலிமனை,,
28,01,001,002,0015,0005,1370,2B,,1370/2PT,Y,P,69                  ,2,2,  ,0,8,2 ,4 ,2.00,2,0,0,25.5,2.00,7768,0,16,ஓட்டுவீடு,-TR.NO/2022/0169/28/020616,,,2022/0169/28/020616,,,,,,,Y,N,2022-07-22 18:23:49.672+05:30,60,,"",,
28,01,001,002,0015,0005,1370,2C,,1370/2PT,Y,P,68                  ,2,2,  ,0,8,2 ,4 ,2.00,2,0,0,28.5,2.00,7769,0,16,ஓட்டுவீடு,-TR.NO/2022/0169/28/020617,,,2022/0169/28/020617,,,,,,,Y,N,2022-07-22 18:23:49.672+05:30,60,,"",,
28,01,001,002,0015,0005,1370,2D,,1370/2PT,Y,P,68                  ,2,2,  ,0,0,"","",0.00,2,0,0,34.5,0.00,7770,0,16,ஓட்டுவீடு,-TR.NO/2022/0169/28/020618,,,2022/0169/28/020618,,,,,,,Y,N,2022-07-22 18:23:49.672+05:30,60,,"",,
28,01,001,002,0015,0005,1371,1A,,1371/1PT,Y,P,70/7                ,2,2,  ,0,8,2 ,4 ,2.00,2,0,3,51.5,2.00,7771,0,16,விடுதிசெட்,-TR.NO/2022/0169/28/020619,,,2022/0169/28/020619,,,,,,,Y,N,2022-07-22 18:23:49.672+05:30,60,,காலிமனை,,
28,01,001,002,0015,0005,1371,1B,,1371/1PT,Y,P,70/7a               ,2,2,  ,0,8,2 ,4 ,2.00,2,0,1,86.5,2.00,7772,0,16,விசாகா ஹோட்டல் கட்டிடம்,-TR.NO/2022/0169/28/020620,,,2022/0169/28/020620,,,,,,,Y,N,2022-07-22 18:23:49.672+05:30,60,,"",,
28,01,001,002,0015,0005,1371,2,,1371/2,Y,P,70                  ,2,2,  ,0,8,2 ,4 ,2.00,2,0,2,70.0,2.00,7773,0,16,கம்பெனி காலியிடம்,-TR.NO/2022/0169/28/020621,,,2022/0169/28/020621,,,,,,,Y,N,2022-07-22 18:23:49.672+05:30,60,,"",,
28,01,001,002,0015,0005,1372,1A1,,1372/1A1,Y,P,70/7                ,2,2,  ,0,8,2 ,4 ,2.00,2,0,13,34.5,2.00,7774,0,16,விடுதி காலியிடம்,-TR.NO/2022/0169/28/020622,,,2022/0169/28/020622,,,,,,,Y,N,2022-07-22 18:23:53.67+05:30,60,,"",,
28,01,001,002,0015,0005,1372,1A2,,1372/1A2,Y,P,70                  ,2,2,  ,0,8,2 ,4 ,2.00,2,0,7,65.0,2.00,7775,0,16,சர்வீஸ் கம்பெனி,-TR.NO/2022/0169/28/020623,,,2022/0169/28/020623,,,,,,,Y,N,2022-07-22 18:23:53.67+05:30,60,,காலியிடம்,,
28,01,001,002,0015,0005,1372,1B,,1372/1B,Y,P,.                   ,2,2,  ,0,8,2 ,4 ,2.00,2,0,21,27.5,2.00,7776,0,16,ஆசிரமம் காரைகட்டடம் காலியிடம்,-TR.NO/2022/0169/28/020624,,,2022/0169/28/020624,,,,,,,Y,N,2022-07-22 18:23:53.67+05:30,60,,"",,
28,01,001,002,0015,0005,1372,1C1,,1372/1CPT,Y,P,50                  ,2,2,  ,0,8,2 ,4 ,2.00,2,0,7,4.5,2.00,7777,0,16,ஓட்டுவீடு,-TR.NO/2022/0169/28/020625,,,2022/0169/28/020625,,,,,,,Y,N,2022-07-22 18:23:53.67+05:30,60,,காலியிடம்,,
28,01,001,002,0015,0001,1372,1C2,,1372/1CPT,Y,P,49                  ,2,2,  ,0,8,2 ,4 ,2.00,2,0,8,44.0,2.00,7589,0,16,காரைவீடு,2025/0153/28/004824TR DT. 2025-12-13,,,2025/0153/28/004824,,,,,,,Y,N,2025-12-13 00:28:10.76+05:30,60,,"",,""
28,01,001,002,0015,0001,1372,1C3,,1372/1CPT,Y,P,92                  ,2,2,  ,0,8,2 ,4 ,2.00,2,0,5,13.0,2.00,7590,0,22,"",2022/0153/28/001479TR DT. 2022-12-30,,,2022/0153/28/001479,,,,,,,Y,N,2022-12-30 12:56:11.113+05:30,60,,"",,""
28,01,001,002,0015,0006,1372,2,,1372/2,Y,P,.                   ,1,3,  ,0,0,"","",0.00,2,0,1,12.5,0.00,0,0,16,ரோடு,"",,,,,,,,,,Y,N,2018-04-20 10:59:02+05:30,60,,"",,
28,01,001,002,0015,0005,1373,0,,1373,Y,P,78                  ,1,2,  ,0,0,"","",0.00,2,0,19,14.5,0.00,0,0,16,பள்ளிக்கூடம் கோவில் காலிமனை,"",,,,,,,,,,Y,N,2018-04-20 11:01:40+05:30,60,,"",,
28,01,001,002,0015,0005,1374,0,,1374,Y,P,50                  ,1,2,  ,0,0,"","",0.00,2,0,20,95.5,0.00,0,0,16,வீடு பள்ளிக்கூடம் கோவில்,"",,,,,,,,,,Y,N,2018-04-20 11:05:23+05:30,60,,"",,
28,01,001,002,0015,0005,1375,1,,.,Y,P,                    ,1,3,  ,0,0,"","",0.00,2,0,0,2.5,0.00,0,0,16,ஜி.ஆர். நத்தம்,"",,,,,,,,,,Y,N,2018-04-20 11:07:26+05:30,60,,"",,
28,01,001,002,0015,0005,1375,2,,1375/2,Y,P,.                   ,1,3,  ,0,0,"","",0.00,2,0,41,12.0,0.00,0,0,16,பால விநாயகர் கோவில் தெரு,"",,,,,,,,,,Y,N,2018-04-20 11:08:12+05:30,60,,"",,
28,01,001,002,0015,0006,1375,3,,1375/3,Y,P,.                   ,1,3,  ,0,0,"","",0.00,2,0,2,43.0,0.00,0,0,16,ஜி.ஆர்.நத்தம்,"",,,,,,,,,,Y,N,2018-04-20 11:11:02+05:30,60,,"",,
28,01,001,002,0015,0005,1375,4,,1375/4,Y,P,.                   ,1,3,  ,0,0,"","",0.00,2,0,0,62.5,0.00,0,0,16,ஜி.ஆர்.நத்தம்,"",,,,,,,,,,Y,N,2018-04-20 11:12:04+05:30,60,,"",,
28,01,001,002,0015,0006,1376,1A1,,1376/1A1,Y,P,.                   ,1,3,  ,0,0,"","",0.00,2,0,0,42.5,0.00,0,0,16,நகராட்சி ரோடு,"",,,,,,,,,,Y,N,2018-04-20 11:13:04+05:30,60,,"",,
28,01,001,002,0015,0006,1376,1A2A,,1376/1A2A,Y,P,.                   ,1,3,  ,0,0,"","",0.00,2,0,1,97.5,0.00,0,0,16,நகராட்சி ரோடு,"",,,,,,,,,,Y,N,2018-04-20 11:14:57+05:30,60,,"",,
28,01,001,002,0015,0006,1376,1A2B,,1376/1A2B,Y,P,.                   ,1,3,  ,0,0,"","",0.00,2,0,2,91.0,0.00,0,0,16,ரோடு,"",,,,,,,,,,Y,N,2018-04-20 11:15:39+05:30,60,,"",,
28,01,001,002,0015,0006,1376,1A2C,,1376/1A2C,Y,P,.                   ,1,3,  ,0,0,"","",0.00,2,0,5,9.0,0.00,0,0,16,"","",,,,,,,,,,Y,N,2018-04-20 11:17:09+05:30,60,,"",,
28,01,001,002,0015,0006,1376,1B,,1376/1B,Y,P,.                   ,1,3,  ,0,0,"","",0.00,2,0,5,1.5,0.00,0,0,16,நில ஒப்படை,"",,,,,,,,,,Y,N,2018-04-20 11:22:10+05:30,60,,"",,
28,01,001,002,0015,0006,1376,2A,,1376/2A,Y,P,.                   ,1,3,  ,0,0,"","",0.00,2,0,19,83.0,0.00,0,0,16,ஜி.ஆர். நத்தம்,"",,,,,,,,,,Y,N,2018-04-20 11:23:55+05:30,60,,"",,
28,01,001,002,0015,0006,1376,2B,,1376/2B,Y,P,.                   ,1,3,  ,0,0,"","",0.00,2,0,0,40.5,0.00,0,0,16,தெரு,"",,,,,,,,,,Y,N,2018-04-20 11:24:17+05:30,60,,"",,
28,01,001,002,0015,0005,1377,1,,1377/1,Y,P,.                   ,1,2,  ,0,0,"","",0.00,2,0,0,40.5,0.00,0,0,16,தெரு,"",,,,,,,,,,Y,N,2018-04-20 11:25:27+05:30,60,,"",,
28,01,001,002,0015,0005,1377,2A,,1377/2PT,Y,P,247/3               ,2,2,  ,0,8,2 ,4 ,2.00,2,0,0,51.0,2.00,7778,0,16,கடை,-TR.NO/2022/0169/28/020628,,,2022/0169/28/020628,,,,,,,Y,N,2022-07-22 18:23:53.67+05:30,60,,"",,
28,01,001,002,0015,0005,1377,2B,,1377/2PT,Y,P,.                   ,2,2,  ,0,8,2 ,4 ,2.00,2,0,3,45.0,2.00,7779,0,16,கடை,-TR.NO/2022/0169/28/020629,,,2022/0169/28/020629,,,,,,,Y,N,2022-07-22 18:23:53.67+05:30,60,,"",,
28,01,001,002,0015,0005,1377,2C,,1377/2PT,Y,P,247/4               ,2,2,  ,0,8,2 ,4 ,2.00,2,0,0,15.5,2.00,7780,0,16,கடை,-TR.NO/2022/0169/28/020630,,,2022/0169/28/020630,,,,,,,Y,N,2022-07-22 18:23:53.67+05:30,60,,"",,
28,01,001,002,0015,0005,1377,2D,,1377/2PT,Y,P,247/5               ,2,2,  ,0,8,2 ,4 ,2.00,2,0,0,14.5,2.00,7781,0,16,கடை,-TR.NO/2022/0169/28/020631,,,2022/0169/28/020631,,,,,,,Y,N,2022-07-22 18:23:53.67+05:30,60,,"",,
28,01,001,002,0015,0005,1377,2E,,1377/2PT,Y,P,247/6               ,2,2,  ,0,8,2 ,4 ,2.00,2,0,0,14.5,2.00,7782,0,16,கடை,-TR.NO/2022/0169/28/020632,,,2022/0169/28/020632,,,,,,,Y,N,2022-07-22 18:23:57.275+05:30,60,,"",,
28,01,001,002,0015,0005,1377,2F,,1377/2PT,Y,P,247/6a              ,2,2,  ,0,8,2 ,4 ,2.00,2,0,0,15.0,2.00,7783,0,16,கடை,-TR.NO/2022/0169/28/020650,,,2022/0169/28/020650,,,,,,,Y,N,2022-07-22 18:23:57.275+05:30,60,,"",,
28,01,001,002,0015,0005,1377,2G,,1377/7,Y,P,247/7               ,2,2,  ,0,8,2 ,4 ,2.00,2,0,0,14.0,2.00,7784,0,16,கடை,-TR.NO/2022/0169/28/020651,,,2022/0169/28/020651,,,,,,,Y,N,2022-07-22 18:23:57.275+05:30,60,,"",,
28,01,001,004,0015,0002,2983,0,,2983,Y,P,37                  ,1,3,  ,0,0,"","",247.10,2,0,0,74.5,247.10,32144,0,16,மாடிவீடு,"",,,,,,,,,,Y,N,2018-01-08 11:27:45+05:30,60,,"",,
28,01,001,002,0015,0005,1377,2H,,1377/2PT,Y,P,247/8               ,2,2,  ,0,8,2 ,4 ,2.00,2,0,0,16.0,2.00,7785,0,16,கடை,-TR.NO/2022/0169/28/020652,,,2022/0169/28/020652,,,,,,,Y,N,2022-07-22 18:23:57.275+05:30,60,,"",,
28,01,001,002,0015,0005,1377,2I,,1377/2PT,Y,P,247/9               ,2,2,  ,0,8,2 ,4 ,2.00,2,0,0,15.0,2.00,7786,0,16,கடை,-TR.NO/2022/0169/28/020653,,,2022/0169/28/020653,,,,,,,Y,N,2022-07-22 18:23:57.275+05:30,60,,"",,
28,01,001,002,0015,0005,1377,2J,,1377/2PT,Y,P,247/10              ,2,2,  ,0,8,2 ,4 ,2.00,2,0,2,6.0,2.00,7787,0,16,கடை,-TR.NO/2022/0169/28/020654,,,2022/0169/28/020654,,,,,,,Y,N,2022-07-22 18:23:57.275+05:30,60,,"",,
28,01,001,002,0015,0005,1378,0,,1378,Y,P,.                   ,1,3,  ,0,0,"","",0.00,2,0,12,2.0,0.00,0,0,16,பாலவிநாயக கோவில் தெரு,"",,,,,,,,,,Y,N,2018-04-20 11:33:18+05:30,60,,"",,
28,01,001,002,0015,0005,1379,1,,1379/1,Y,P,.                   ,1,3,  ,0,0,"","",0.00,2,0,1,20.0,0.00,0,0,16,ஜி.ஆர். நத்தம்,"",,,,,,,,,,Y,N,2018-04-20 11:35:07+05:30,60,,"",,
28,01,001,002,0015,0005,1379,2,,1379/2,Y,P,.                   ,1,3,  ,0,0,"","",0.00,2,0,21,76.0,0.00,0,0,16,பாலவிநாயக கோவில் தெரு,"",,,,,,,,,,Y,N,2018-04-20 11:36:27+05:30,60,,"",,
28,01,001,002,0015,0005,1380,1,,1380/1,Y,P,.                   ,2,2,  ,0,8,2 ,4 ,2.00,2,0,2,32.0,2.00,7788,0,16,கான் கட்டம்,-TR.NO/2022/0169/28/020656,,,2022/0169/28/020656,,,,,,,Y,N,2022-07-22 18:23:57.275+05:30,60,,"",,
28,01,001,002,0015,0005,1380,2,,1380/2,Y,P,249                 ,2,2,  ,0,8,2 ,4 ,2.00,2,0,0,17.0,2.00,7789,0,16,கடை,-TR.NO/2022/0169/28/020657,,,2022/0169/28/020657,,,,,,,Y,N,2022-07-22 18:23:57.275+05:30,60,,"",,
28,01,001,002,0015,0005,1380,3,,1380/PT,Y,P,250                 ,2,2,  ,0,8,2 ,4 ,2.00,2,0,0,17.0,2.00,7790,0,16,கடை,-TR.NO/2022/0169/28/020659,,,2022/0169/28/020659,,,,,,,Y,N,2022-07-22 18:23:57.275+05:30,60,,"",,
28,01,001,002,0015,0005,1380,4,,1380/PT,Y,P,251                 ,2,2,  ,0,8,2 ,4 ,2.00,2,0,0,16.5,2.00,7791,0,16,கடை,-TR.NO/2022/0169/28/020676,,,2022/0169/28/020676,,,,,,,Y,N,2022-07-22 18:23:57.275+05:30,60,,"",,
28,01,001,002,0015,0005,1380,5,,1380/PT,Y,P,252                 ,2,2,  ,0,8,2 ,4 ,2.00,2,0,0,16.5,2.00,7792,0,16,கடை,-TR.NO/2022/0169/28/020677,,,2022/0169/28/020677,,,,,,,Y,N,2022-07-22 18:24:00.873+05:30,60,,"",,
28,01,001,002,0015,0005,1380,6,,1380/PT,N,P,253,2,2,"",0,8,2,4,2.00,2,0,0,16.0,2.00,7793,0,16,கடை,-TR.NO/2022/0169/28/020678,,,2022/0169/28/020678,,,,,,,Y,Y,2022-07-22 18:24:00.873+05:30,60,,"",0.00,
28,01,001,002,0015,0005,1380,7,,1380/PT,Y,P,256                 ,2,2,  ,0,8,2 ,4 ,2.00,2,0,0,8.0,2.00,7794,0,16,காலியிடம்,-TR.NO/2022/0169/28/020679,,,2022/0169/28/020679,,,,,,,N,N,2022-07-22 18:24:00.873+05:30,60,,"",,
28,01,001,002,0015,0005,1380,8,,1380/PT,Y,P,"255,a,b             ",2,2,  ,0,0,"","",0.00,2,0,0,9.0,0.00,7795,0,16,காலியிடம்,-TR.NO/2022/0169/28/020680,,,2022/0169/28/020680,,,,,,,Y,N,2022-07-22 18:24:00.873+05:30,60,,"",,
28,01,001,002,0015,0005,1380,9,,1380/PT,Y,P,257                 ,2,2,  ,0,0,"","",0.00,2,0,1,5.0,0.00,7796,0,16,கடை,-TR.NO/2022/0169/28/020682,,,2022/0169/28/020682,,,,,,,Y,N,2022-07-22 18:24:00.873+05:30,60,,"",,
28,01,001,002,0015,0005,1381,1,,1381/PT,Y,P,.                   ,2,2,  ,0,0,"","",0.00,2,0,0,14.5,0.00,7797,0,16,கடை,-TR.NO/2022/0169/28/020681,,,2022/0169/28/020681,,,,,,,Y,N,2022-07-22 18:24:00.873+05:30,60,,"",,
28,01,001,002,0015,0005,1381,2,,1381/PT,Y,P,249                 ,2,2,  ,0,8,2 ,4 ,2.00,2,0,0,14.5,2.00,7798,0,16,கடை,-TR.NO/2022/0169/28/020683,,,2022/0169/28/020683,,,,,,,N,N,2022-07-22 18:24:00.873+05:30,60,,"",,
28,01,001,002,0015,0005,1381,3,,1381/PT,Y,P,250                 ,2,2,  ,0,8,2 ,4 ,2.00,2,0,0,14.5,2.00,7799,0,16,கடை,-TR.NO/2022/0169/28/020685,,,2022/0169/28/020685,,,,,,,N,N,2022-07-22 18:24:00.873+05:30,60,,"",,
28,01,001,002,0015,0005,1381,4,,1381/PT,Y,P,251                 ,2,2,  ,0,8,2 ,4 ,2.00,2,0,0,14.0,2.00,7800,0,16,கடை,-TR.NO/2022/0169/28/020684,,,2022/0169/28/020684,,,,,,,Y,N,2022-07-22 18:24:00.873+05:30,60,,"",,
28,01,001,002,0015,0005,1381,5,,1381/PT,Y,P,252                 ,2,2,  ,0,8,2 ,4 ,2.00,2,0,0,14.0,2.00,7801,0,16,கடை,-TR.NO/2022/0169/28/020686,,,2022/0169/28/020686,,,,,,,N,N,2022-07-22 18:24:00.873+05:30,60,,"",,
28,01,001,002,0015,0005,1381,6,,1381/PT,Y,P,253                 ,2,2,  ,0,8,2 ,4 ,2.00,2,0,0,14.0,2.00,7802,0,16,கடை,-TR.NO/2022/0169/28/020687,,,2022/0169/28/020687,,,,,,,N,N,2022-07-22 18:24:06.238+05:30,60,,"",,
28,01,001,002,0015,0005,1381,7,,1381/PT,Y,P,"255,a,b             ",2,2,  ,0,8,2 ,4 ,2.00,2,0,0,7.5,2.00,7803,0,16,விடுதி,-TR.NO/2022/0169/28/020688,,,2022/0169/28/020688,,,,,,,N,N,2022-07-22 18:24:06.238+05:30,60,,"",,
28,01,001,002,0015,0005,1381,8,,1381/PT,Y,P,256                 ,2,2,  ,0,8,2 ,4 ,2.00,2,0,0,11.5,2.00,7804,0,16,கடை,-TR.NO/2022/0169/28/020691,,,2022/0169/28/020691,,,,,,,Y,N,2022-07-22 18:24:06.238+05:30,60,,"",,
28,01,001,002,0015,0005,1381,9,,1381/PT,Y,P,257                 ,2,2,  ,0,8,2 ,4 ,2.00,2,0,0,13.0,2.00,7805,0,16,கடை,-TR.NO/2022/0169/28/020690,,,2022/0169/28/020690,,,,,,,Y,N,2022-07-22 18:24:06.238+05:30,60,,"",,
28,01,001,002,0015,0005,1382,1,,1382/PT,Y,P,"258,259,260         ",2,2,  ,0,8,2 ,4 ,2.00,2,0,1,76.0,2.00,7806,0,16,கடை காலியிடம்,-TR.NO/2022/0169/28/020693,,,2022/0169/28/020693,,,,,,,N,N,2022-07-22 18:24:06.238+05:30,60,,"",,
28,01,001,002,0015,0005,1382,2,,1382/PT,Y,P,261                 ,2,2,  ,0,8,2 ,4 ,2.00,2,0,1,35.0,2.00,7807,0,16,கடைகாலியிடம்,-TR.NO/2022/0169/28/020694,,,2022/0169/28/020694,,,,,,,N,N,2022-07-22 18:24:06.238+05:30,60,,"",,
28,01,001,002,0015,0005,1383,1,,1383/PT,Y,P,262                 ,2,2,  ,0,8,2 ,4 ,2.00,2,0,0,54.0,2.00,7808,0,16,கடைகாலியிடம்,-TR.NO/2022/0169/28/020696,,,2022/0169/28/020696,,,,,,,Y,N,2022-07-22 18:24:06.238+05:30,60,,"",,
28,01,001,002,0015,0006,1383,2,,1383/PT,Y,P,263                 ,2,2,  ,0,8,2 ,4 ,2.00,2,0,0,65.0,2.00,7951,0,16,கடை,-TR.NO/2022/0169/28/020697,,,2022/0169/28/020697,,,,,,,N,N,2022-07-22 18:24:06.238+05:30,60,,"",,
28,01,001,002,0015,0005,1383,3,,1383/PT,Y,P,"264,264a            ",2,2,  ,0,8,2 ,4 ,2.00,2,0,0,85.5,2.00,7809,0,16,கடை,2024/0153/28/002965TR DT. 2024-11-12,,,2024/0153/28/002965,,,,,,,Y,N,2024-11-12 14:59:16.821+05:30,60,,"",,""
28,01,001,002,0015,0006,1384,1,,1384/PT,Y,P,265                 ,2,2,  ,0,8,2 ,4 ,2.00,2,0,0,12.0,2.00,7952,0,16,கடை,-TR.NO/2022/0169/28/020699,,,2022/0169/28/020699,,,,,,,N,N,2022-07-22 18:24:06.238+05:30,60,,"",,
28,01,001,002,0015,0006,1384,2,,1384/PT,Y,P,266                 ,2,2,  ,0,8,2 ,4 ,2.00,2,0,0,53.0,2.00,7953,0,16,கடை,-TR.NO/2022/0169/28/020700,,,2022/0169/28/020700,,,,,,,N,N,2022-07-22 18:24:09.658+05:30,60,,"",,
28,01,001,002,0015,0005,1384,3,,1384/PT,Y,P,267                 ,2,2,  ,0,8,2 ,4 ,2.00,2,0,0,24.5,2.00,7810,0,16,கடை,-TR.NO/2022/0169/28/020701,,,2022/0169/28/020701,,,,,,,N,N,2022-07-22 18:24:09.658+05:30,60,,"",,
28,01,001,002,0015,0005,1384,4,,1384/PT,Y,P,268                 ,2,2,  ,0,8,2 ,4 ,2.00,2,0,0,10.5,2.00,7811,0,16,கடை,-TR.NO/2022/0169/28/020703,,,2022/0169/28/020703,,,,,,,N,N,2022-07-22 18:24:09.658+05:30,60,,"",,
28,01,001,002,0015,0005,1384,5,,1384/PT,Y,P,268/1               ,2,2,  ,0,8,2 ,4 ,2.00,2,0,0,11.5,2.00,7812,0,16,கடை,-TR.NO/2022/0169/28/020704,,,2022/0169/28/020704,,,,,,,N,N,2022-07-22 18:24:09.658+05:30,60,,"",,
28,01,001,002,0015,0005,1384,6,,1384/PT,Y,P,268/2               ,2,2,  ,0,8,2 ,4 ,2.00,2,0,0,11.0,2.00,7813,0,16,கடை,-TR.NO/2022/0169/28/020706,,,2022/0169/28/020706,,,,,,,Y,N,2022-07-22 18:24:09.658+05:30,60,,"",,
28,01,001,002,0015,0005,1384,7,,1384/PT,Y,P,268/3               ,2,2,  ,0,8,2 ,4 ,2.00,2,0,0,11.0,2.00,7814,0,16,கடை,-TR.NO/2022/0169/28/020707,,,2022/0169/28/020707,,,,,,,Y,N,2022-07-22 18:24:09.658+05:30,60,,"",,
28,01,001,002,0015,0005,1385,0,,1385,Y,P,.                   ,1,2,  ,0,0,"","",0.00,2,0,0,59.0,0.00,0,0,16,கடை,"",,,,,,,,,,Y,N,2018-04-20 12:06:32+05:30,60,,"",,
28,01,001,002,0015,0005,1386,1,,1386/PT,Y,P,269/1               ,2,2,  ,0,8,2 ,4 ,2.00,2,0,0,11.0,2.00,7815,0,16,கடை,-TR.NO/2022/0169/28/020711,,,2022/0169/28/020711,,,,,,,Y,N,2022-07-22 18:24:09.658+05:30,60,,"",,
28,01,001,002,0015,0005,1386,10,,1386/PT,Y,P,268/b1              ,2,2,  ,0,8,2 ,4 ,2.00,2,0,0,5.5,2.00,7816,0,16,கடை,-TR.NO/2022/0169/28/020720,,,2022/0169/28/020720,,,,,,,Y,N,2022-07-22 18:24:13.001+05:30,60,,"",,
28,01,001,002,0015,0006,1386,11,,1386/PT,Y,P,268b3               ,2,2,  ,0,8,2 ,4 ,2.00,2,0,0,14.0,2.00,7954,0,16,கடை,-TR.NO/2022/0169/28/020721,,,2022/0169/28/020721,,,,,,,Y,N,2022-07-22 18:24:13.001+05:30,60,,"",,
28,01,001,002,0015,0006,1386,12,,1386/PT,Y,P,269                 ,2,2,  ,0,8,2 ,4 ,2.00,2,0,0,13.0,2.00,7955,0,16,மட்டப்பாவீடு,-TR.NO/2022/0169/28/020725,,,2022/0169/28/020725,,,,,,,Y,N,2022-07-22 18:24:13.001+05:30,60,,"",,
28,01,001,002,0015,0006,1386,13,,1386/PT,Y,P,268/b4              ,2,2,  ,0,8,2 ,4 ,2.00,2,0,0,6.0,2.00,7956,0,16,கடை,-TR.NO/2022/0169/28/020733,,,2022/0169/28/020733,,,,,,,Y,N,2022-07-22 18:24:13.001+05:30,60,,"",,
28,01,001,002,0015,0006,1386,14,,1386/PT,Y,P,268/b               ,2,2,  ,0,8,2 ,4 ,2.00,2,0,0,7.5,2.00,7957,0,16,கடை,-TR.NO/2022/0169/28/020734,,,2022/0169/28/020734,,,,,,,N,N,2022-07-22 18:24:13.001+05:30,60,,"",,
28,01,001,002,0015,0005,1386,15,,1386/PT,Y,P,268/a               ,2,2,  ,0,8,2 ,4 ,2.00,2,0,0,13.5,2.00,7817,0,16,கடை,-TR.NO/2022/0169/28/020735,,,2022/0169/28/020735,,,,,,,N,N,2022-07-22 18:24:16.937+05:30,60,,"",,
28,01,001,002,0015,0005,1386,16,,1386/PT,Y,P,268/a1              ,2,2,  ,0,8,2 ,4 ,2.00,2,0,0,6.5,2.00,7818,0,16,கடை,-TR.NO/2022/0169/28/020736,,,2022/0169/28/020736,,,,,,,N,N,2022-07-22 18:24:16.937+05:30,60,,"",,
28,01,001,002,0015,0006,1386,17,,1386/PT,Y,P,268/a2              ,2,2,  ,0,8,2 ,4 ,2.00,2,0,0,5.5,2.00,7958,0,16,கடை,-TR.NO/2022/0169/28/020737,,,2022/0169/28/020737,,,,,,,Y,N,2022-07-22 18:24:16.937+05:30,60,,"",,
28,01,001,002,0015,0005,1386,18,,1386/PT,Y,P,-                   ,2,2,  ,0,8,2 ,4 ,2.00,2,0,0,26.0,2.00,7819,0,16,பாதை,-TR.NO/2022/0169/28/020739,,,2022/0169/28/020739,,,,,,,Y,N,2022-07-22 18:24:16.937+05:30,60,,"",,
28,01,001,002,0015,0005,1386,19,,1386/PT,Y,P,.                   ,2,2,  ,0,8,2 ,4 ,2.00,2,0,0,12.5,2.00,7820,0,16,கடை,-TR.NO/2022/0169/28/020738,,,2022/0169/28/020738,,,,,,,N,N,2022-07-22 18:24:16.937+05:30,60,,"",,
28,01,001,002,0015,0005,1386,2,,1386/PT,Y,P,"269/2,269/a         ",2,2,  ,0,8,2 ,4 ,2.00,2,0,0,17.0,2.00,7821,0,16,கடை மாடி,-TR.NO/2022/0169/28/020709,,,2022/0169/28/020709,,,,,,,N,N,2022-07-22 18:24:09.658+05:30,60,,"",,
28,01,001,002,0015,0005,1386,20,,1386/PT,Y,P,269                 ,2,2,  ,0,8,2 ,4 ,2.00,2,0,0,52.0,2.00,7822,0,16,காரை கட்டிடம்,-TR.NO/2022/0169/28/020740,,,2022/0169/28/020740,,,,,,,N,N,2022-07-22 18:24:16.937+05:30,60,,"",,
28,01,001,002,0015,0005,1386,21,,1386/PT,Y,P,"269/7,8,9,10,11     ",2,2,  ,0,8,2 ,4 ,2.00,2,0,0,34.5,2.00,7823,0,16,கடை,-TR.NO/2022/0169/28/020741,,,2022/0169/28/020741,,,,,,,N,N,2022-07-22 18:24:16.937+05:30,60,,"",,
28,01,001,002,0015,0005,1386,22,,1386/PT,Y,P,-                   ,2,2,  ,0,8,2 ,4 ,2.00,2,0,0,13.5,2.00,7824,0,16,பாதை,-TR.NO/2022/0169/28/020742,,,2022/0169/28/020742,,,,,,,N,N,2022-07-22 18:24:16.937+05:30,60,,"",,
28,01,001,002,0015,0005,1386,3,,1386/PT,Y,P,269/b3              ,2,2,  ,0,8,2 ,4 ,2.00,2,0,0,17.0,2.00,7825,0,16,கடை மாடி,-TR.NO/2022/0169/28/020713,,,2022/0169/28/020713,,,,,,,Y,N,2022-07-22 18:24:09.658+05:30,60,,"",,
28,01,001,002,0015,0005,1386,4,,1386/PT,Y,P,269/269/4           ,2,2,  ,0,8,2 ,4 ,2.00,2,0,0,5.5,2.00,7826,0,16,கடை மாடி,-TR.NO/2022/0169/28/020714,,,2022/0169/28/020714,,,,,,,Y,N,2022-07-22 18:24:09.658+05:30,60,,"",,
28,01,001,002,0015,0005,1386,5,,1386/PT,Y,P,268/d               ,2,2,  ,0,8,2 ,4 ,2.00,2,0,0,7.5,2.00,7827,0,16,மட்டப்பாவீடு,-TR.NO/2022/0169/28/020728,,,2022/0169/28/020728,,,,,,,Y,N,2022-07-22 18:24:13.001+05:30,60,,"",,
28,01,001,002,0015,0005,1386,6,,1386/PT,Y,P,268/e               ,2,2,  ,0,8,2 ,4 ,2.00,2,0,0,10.5,2.00,7828,0,16,மட்டப்பாவீடு,-TR.NO/2022/0169/28/020716,,,2022/0169/28/020716,,,,,,,Y,N,2022-07-22 18:24:13.001+05:30,60,,"",,
28,01,001,002,0015,0005,1386,7,,1386/PT,Y,P,268a1               ,2,2,  ,0,8,2 ,4 ,2.00,2,0,0,10.0,2.00,7829,0,16,கடை,-TR.NO/2022/0169/28/020717,,,2022/0169/28/020717,,,,,,,Y,N,2022-07-22 18:24:13.001+05:30,60,,"",,
28,01,001,002,0015,0005,1386,8,,1386/PT,Y,P,-                   ,2,2,  ,0,8,2 ,4 ,2.00,2,0,0,72.0,2.00,7830,0,16,பாதை கட்டிடம்,-TR.NO/2022/0169/28/020718,,,2022/0169/28/020718,,,,,,,Y,N,2022-07-22 18:24:13.001+05:30,60,,"",,
28,01,001,002,0015,0005,1386,9,,1386/PT,Y,P,268/b2              ,2,2,  ,0,8,2 ,4 ,2.00,2,0,0,21.0,2.00,7831,0,16,கடை,-TR.NO/2022/0169/28/020732,,,2022/0169/28/020732,,,,,,,Y,N,2022-07-22 18:24:13.001+05:30,60,,"",,
28,01,001,002,0015,0005,1387,1,,1387/PT,Y,P,269/4               ,2,2,  ,0,8,2 ,4 ,2.00,2,0,0,6.0,2.00,7832,0,16,கடை,-TR.NO/2022/0169/28/020744,,,2022/0169/28/020744,,,,,,,N,N,2022-07-22 18:24:16.937+05:30,60,,"",,
28,01,001,002,0015,0005,1387,2,,1387/PT,Y,P,269/d               ,2,2,  ,0,8,2 ,4 ,2.00,2,0,0,5.0,2.00,7833,0,16,கடை,-TR.NO/2022/0169/28/020743,,,2022/0169/28/020743,,,,,,,Y,N,2022-07-22 18:24:16.937+05:30,60,,"",,
28,01,001,002,0015,0005,1387,3,,1387/PT,Y,P,269/d               ,2,2,  ,0,8,2 ,4 ,2.00,2,0,0,3.0,2.00,7834,0,16,மட்டப்பாவீடு,-TR.NO/2022/0169/28/020745,,,2022/0169/28/020745,,,,,,,Y,N,2022-07-22 18:24:20.36+05:30,60,,"",,
28,01,001,002,0015,0005,1387,4,,1387/PT,Y,P,-                   ,2,2,  ,0,8,2 ,4 ,2.00,2,0,0,3.0,2.00,7835,0,16,பாதை,-TR.NO/2022/0169/28/020746,,,2022/0169/28/020746,,,,,,,N,N,2022-07-22 18:24:20.36+05:30,60,,"",,
28,01,001,002,0015,0005,1388,1,,1388/PT,Y,P,269/4               ,2,2,  ,0,8,2 ,4 ,2.00,2,0,0,7.0,2.00,7836,0,16,கடை,-TR.NO/2022/0169/28/020747,,,2022/0169/28/020747,,,,,,,Y,N,2022-07-22 18:24:20.36+05:30,60,,"",,
28,01,001,002,0015,0005,1388,2,,1388/PT,Y,P,269/d               ,2,2,  ,0,8,2 ,4 ,2.00,2,0,0,6.5,2.00,7837,0,16,கடை,-TR.NO/2022/0169/28/020748,,,2022/0169/28/020748,,,,,,,Y,N,2022-07-22 18:24:20.36+05:30,60,,"",,
28,01,001,002,0015,0005,1389,1,,1389/PT,Y,P,269/d               ,2,2,  ,0,8,2 ,4 ,2.00,2,0,0,3.0,2.00,7838,0,16,கடை,-TR.NO/2022/0169/28/020750,,,2022/0169/28/020750,,,,,,,Y,N,2022-07-22 18:24:20.36+05:30,60,,"",,
28,01,001,002,0015,0005,1389,2,,1389/PT,Y,P,269/e               ,2,2,  ,0,8,2 ,4 ,2.00,2,0,0,9.5,2.00,7839,0,16,கடை,-TR.NO/2022/0169/28/020749,,,2022/0169/28/020749,,,,,,,Y,N,2022-07-22 18:24:20.36+05:30,60,,"",,
28,01,001,002,0015,0005,1389,3,,1389/PT,Y,P,269/e               ,2,2,  ,0,8,2 ,4 ,2.00,2,0,0,23.0,2.00,7840,0,16,காலியிடம்கடை,-TR.NO/2022/0169/28/020751,,,2022/0169/28/020751,,,,,,,Y,N,2022-07-22 18:24:20.36+05:30,60,,"",,
28,01,001,002,0015,0005,1390,1,,1390/PT,Y,P,269/d               ,2,2,  ,0,8,2 ,4 ,2.00,2,0,0,2.5,2.00,7841,0,16,கடை,-TR.NO/2022/0169/28/020752,,,2022/0169/28/020752,,,,,,,Y,N,2022-07-22 18:24:20.36+05:30,60,,"",,
28,01,001,002,0015,0005,1390,2,,1390/2,Y,P,269                 ,2,2,  ,0,8,2 ,4 ,2.00,2,0,0,7.0,2.00,7842,0,16,கடை,-TR.NO/2022/0169/28/020753,,,2022/0169/28/020753,,,,,,,Y,N,2022-07-22 18:24:20.36+05:30,60,,"",,
28,01,001,002,0015,0005,1390,3,,1390/PT,Y,P,269/1               ,2,2,  ,0,0,"","",0.00,2,0,0,6.0,0.00,7843,0,16,மட்டப்பாவீடு,-TR.NO/2022/0169/28/020754,,,2022/0169/28/020754,,,,,,,Y,N,2022-07-22 18:24:20.36+05:30,60,,"",,
28,01,001,002,0015,0005,1390,4,,1390/PT,Y,P,"269/7,8,9,10,11     ",2,2,  ,0,8,2 ,4 ,2.00,2,0,0,6.0,2.00,7844,0,16,கடை,-TR.NO/2022/0169/28/020756,,,2022/0169/28/020756,,,,,,,Y,N,2022-07-22 18:24:25.169+05:30,60,,"",,
28,01,001,002,0015,0005,1390,5,,1390/PT,Y,P,269/f               ,2,2,  ,0,8,2 ,4 ,2.00,2,0,0,19.0,2.00,7845,0,16,கடை  காலியிடம்,-TR.NO/2022/0169/28/020755,,,2022/0169/28/020755,,,,,,,N,N,2022-07-22 18:24:25.169+05:30,60,,"",,
28,01,001,002,0015,0005,1391,0,,1391,Y,P,269                 ,2,2,  ,0,8,2 ,4 ,2.00,2,0,0,30.5,2.00,7846,0,16,காலியிடம் கடை,-TR.NO/2022/0169/28/020757,,,2022/0169/28/020757,,,,,,,N,N,2022-07-22 18:24:25.169+05:30,60,,"",,
28,01,001,002,0015,0005,1392,1,,1392/PT,Y,P,275                 ,2,2,  ,0,8,2 ,4 ,2.00,2,0,11,78.0,0.00,7847,0,16,ரைஸ்மில் காலியிடம்,2025/0153/28/003308TR DT. 2025-09-16,,,2025/0153/28/003308,,,,,,,Y,N,2025-09-16 19:19:35.167+05:30,60,,"",,""
28,01,001,002,0015,0005,1392,2,,1392/PT,Y,P,-                   ,2,2,  ,0,8,2 ,4 ,2.00,2,0,0,74.5,0.00,7848,0,16,ரைஸ்மில்,2025/0153/28/003308TR DT. 2025-09-16,,,2025/0153/28/003308,,,,,,,Y,N,2025-09-16 19:19:35.22+05:30,60,,"",,""
28,01,001,002,0015,0005,1392,3,,1392/PT,Y,P,276                 ,2,2,  ,0,8,2 ,4 ,2.00,2,0,0,14.0,2.00,7849,0,16,கடை,-TR.NO/2022/0169/28/020761,,,2022/0169/28/020761,,,,,,,Y,N,2022-07-22 18:24:25.169+05:30,60,,"",,
28,01,001,002,0015,0005,1393,1,,1393/PT,Y,P,276                 ,2,2,  ,0,8,2 ,4 ,2.00,2,0,0,35.0,0.00,7850,0,16,காலிமனை,2025/0153/28/003308TR DT. 2025-09-16,,,2025/0153/28/003308,,,,,,,N,N,2025-09-16 19:19:35.224+05:30,60,,"",,""
28,01,001,002,0015,0005,1393,2,,1393/PT,Y,P,276                 ,2,2,  ,0,8,2 ,4 ,2.00,2,0,0,66.0,2.00,7851,0,16,கடை காலியிடம்,-TR.NO/2022/0169/28/020762,,,2022/0169/28/020762,,,,,,,Y,N,2022-07-22 18:24:25.169+05:30,60,,"",,
28,01,001,002,0015,0005,1393,3,,1393/PT,Y,P,277                 ,2,2,  ,0,8,2 ,4 ,2.00,2,0,0,74.5,2.00,7852,0,16,கடைகாலியிடம்,-TR.NO/2022/0169/28/020763,,,2022/0169/28/020763,,,,,,,N,N,2022-07-22 18:24:25.169+05:30,60,,"",,
28,01,001,002,0015,0005,1393,4,,1393/PT,Y,P,278                 ,2,2,  ,0,8,2 ,4 ,2.00,2,0,0,48.0,2.00,7853,0,16,கடை,-TR.NO/2022/0169/28/020764,,,2022/0169/28/020764,,,,,,,Y,N,2022-07-22 18:24:25.169+05:30,60,,"",,
28,01,001,002,0015,0005,1393,5,,1393/PT,Y,P,279                 ,2,2,  ,0,8,2 ,4 ,2.00,2,0,0,1.5,2.00,7854,0,16,கடை,-TR.NO/2022/0169/28/020765,,,2022/0169/28/020765,,,,,,,Y,N,2022-07-22 18:24:31.27+05:30,60,,"",,
28,01,001,002,0015,0005,1393,6,,1393/PT,Y,P,278/a               ,2,2,  ,0,8,2 ,4 ,2.00,2,0,0,13.5,2.00,7855,0,16,கடை,-TR.NO/2022/0169/28/020766,,,2022/0169/28/020766,,,,,,,N,N,2022-07-22 18:24:31.27+05:30,60,,"",,
28,01,001,002,0015,0005,1394,1,,1394/PT,Y,P,278                 ,2,2,  ,0,8,2 ,4 ,2.00,2,0,0,4.0,2.00,7856,0,16,கடை,-TR.NO/2022/0169/28/020780,,,2022/0169/28/020780,,,,,,,Y,N,2022-07-22 18:24:31.27+05:30,60,,"",,
28,01,001,002,0015,0005,1394,2,,1394/PT,Y,P,278a                ,2,2,  ,0,8,2 ,4 ,2.00,2,0,0,10.5,2.00,7857,0,16,கடை,-TR.NO/2022/0169/28/020781,,,2022/0169/28/020781,,,,,,,Y,N,2022-07-22 18:24:31.27+05:30,60,,"",,
28,01,001,002,0015,0005,1394,3,,1394/PT,Y,P,-                   ,2,2,  ,0,8,2 ,4 ,2.00,2,0,0,69.0,2.00,7858,0,16,காலிமனை,-TR.NO/2022/0169/28/020782,,,2022/0169/28/020782,,,,,,,N,N,2022-07-22 18:24:31.27+05:30,60,,"",,
28,01,001,002,0015,0005,1394,4,,1394/PT,Y,P,279                 ,2,2,  ,0,8,2 ,4 ,2.00,2,0,0,41.0,2.00,7859,0,16,கடை,-TR.NO/2022/0169/28/020783,,,2022/0169/28/020783,,,,,,,N,N,2022-07-22 18:24:31.27+05:30,60,,"",,
28,01,001,002,0015,0005,1394,5,,1394/PT,Y,P,280                 ,2,2,  ,0,8,2 ,4 ,2.00,2,0,0,48.0,2.00,7860,0,16,கடை,-TR.NO/2022/0169/28/020784,,,2022/0169/28/020784,,,,,,,N,N,2022-07-22 18:24:31.27+05:30,60,,"",,
28,01,001,002,0015,0005,1394,6,,1394/PT,Y,P,281                 ,2,2,  ,0,8,2 ,4 ,2.00,2,0,0,45.0,2.00,7861,0,16,கடை,-TR.NO/2022/0169/28/020785,,,2022/0169/28/020785,,,,,,,Y,N,2022-07-22 18:24:31.27+05:30,60,,"",,
28,01,001,002,0015,0005,1394,7,,1394/PT,N,P,282,2,2,"",0,8,2,4,2.00,2,0,0,51.5,2.00,7862,0,16,கடை,-TR.NO/2022/0169/28/020786,,,2022/0169/28/020786,,,,,,,Y,Y,2022-07-22 18:24:31.27+05:30,60,,"",0.00,
28,01,001,002,0015,0005,1394,8,,1394/PT,Y,P,282/a               ,2,2,  ,0,8,2 ,4 ,2.00,2,0,0,20.0,2.00,7863,0,16,கடை,-TR.NO/2022/0169/28/020787,,,2022/0169/28/020787,,,,,,,Y,N,2022-07-22 18:24:31.27+05:30,60,,"",,
28,01,001,002,0015,0005,1394,9,,1394/PT,Y,P,283                 ,2,2,  ,0,8,2 ,4 ,2.00,2,0,0,56.0,2.00,7864,0,16,கடை,-TR.NO/2022/0169/28/020788,,,2022/0169/28/020788,,,,,,,Y,N,2022-07-22 18:24:41.628+05:30,60,,"",,
28,01,001,002,0015,0005,1395,1,,1395/PT,Y,P,283                 ,2,2,  ,0,8,2 ,4 ,2.00,2,0,0,19.0,2.00,7865,0,16,கடை,-TR.NO/2022/0169/28/020790,,,2022/0169/28/020790,,,,,,,Y,N,2022-07-22 18:24:41.628+05:30,60,,"",,
28,01,001,002,0015,0005,1395,2,,1395/PT,Y,P,284                 ,2,2,  ,0,8,2 ,4 ,2.00,2,0,0,71.0,2.00,7866,0,16,கடை,-TR.NO/2022/0169/28/020791,,,2022/0169/28/020791,,,,,,,Y,N,2022-07-22 18:24:41.628+05:30,60,,"",,
28,01,001,002,0015,0005,1395,3,,1395/PT,Y,P,285                 ,2,2,  ,0,8,2 ,4 ,2.00,2,0,0,42.0,2.00,7867,0,16,கடை,-TR.NO/2022/0169/28/020793,,,2022/0169/28/020793,,,,,,,Y,N,2022-07-22 18:24:41.628+05:30,60,,"",,
28,01,001,002,0015,0005,1395,4,,1395/PT,Y,P,285/a               ,2,2,  ,0,8,2 ,4 ,2.00,2,0,0,27.0,2.00,7868,0,16,கடை,-TR.NO/2022/0169/28/020795,,,2022/0169/28/020795,,,,,,,Y,N,2022-07-22 18:24:41.628+05:30,60,,"",,
28,01,001,002,0015,0005,1395,5,,1395/PT,Y,P,286                 ,2,2,  ,0,8,2 ,4 ,2.00,2,0,0,78.0,2.00,7869,0,16,கடை காலியிடம்,-TR.NO/2022/0169/28/020797,,,2022/0169/28/020797,,,,,,,Y,N,2022-07-22 18:24:41.628+05:30,60,,"",,
28,01,001,002,0015,0005,1396,1,,1396/PT,Y,P,287                 ,2,2,  ,0,8,2 ,4 ,2.00,2,0,0,60.5,2.00,7870,0,16,தினதந்தி ஆபீஸ  காலியிடம்,-TR.NO/2022/0169/28/020799,,,2022/0169/28/020799,,,,,,,Y,N,2022-07-22 18:24:41.628+05:30,60,,"",,
28,01,001,002,0015,0005,1396,2,,1396/PT,Y,P,288                 ,2,2,  ,0,8,2 ,4 ,2.00,2,0,0,41.5,2.00,7871,0,16,கடை,-TR.NO/2022/0169/28/020800,,,2022/0169/28/020800,,,,,,,Y,N,2022-07-22 18:24:41.628+05:30,60,,"",,
28,01,001,002,0015,0005,1396,3,,1396/PT,Y,P,-                   ,2,2,  ,0,8,2 ,4 ,2.00,2,0,0,30.0,2.00,7872,0,16,கடை முற்றம்,-TR.NO/2022/0169/28/020801,,,2022/0169/28/020801,,,,,,,N,N,2022-07-22 18:24:41.628+05:30,60,,"",,
28,01,001,002,0015,0005,1396,4,,1396/PT,Y,P,288b                ,2,2,  ,0,8,2 ,4 ,2.00,2,0,0,18.0,2.00,7873,0,16,கடை,-TR.NO/2022/0169/28/020802,,,2022/0169/28/020802,,,,,,,N,N,2022-07-22 18:24:41.628+05:30,60,,"",,
28,01,001,002,0015,0001,1396,5,,1396/PT,Y,P,288/c               ,2,2,  ,0,8,2 ,4 ,2.00,2,0,0,16.0,2.00,7592,0,16,கடை,-TR.NO/2022/0169/28/020803,,,2022/0169/28/020803,,,,,,,N,N,2022-07-22 18:24:45.09+05:30,60,,"",,
28,01,001,002,0015,0005,1396,6,,1396/PT,Y,P,-                   ,2,2,  ,0,8,2 ,4 ,2.00,2,0,0,11.0,2.00,7874,0,14,பாதை,-TR.NO/2022/0169/28/020804,,,2022/0169/28/020804,,,,,,,N,N,2022-07-22 18:24:45.09+05:30,60,,"",,
28,01,001,002,0015,0005,1397,1,,1397/PT,Y,P,287                 ,2,2,  ,0,8,2 ,4 ,2.00,2,0,0,40.5,2.00,7875,0,16,தினதந்தி ஆபீஸ் காலை கட்டடம்,-TR.NO/2022/0169/28/020806,,,2022/0169/28/020806,,,,,,,N,N,2022-07-22 18:24:45.09+05:30,60,,"",,
28,01,001,002,0015,0005,1397,2,,1397/PT,Y,P,288                 ,2,2,  ,0,8,2 ,4 ,2.00,2,0,0,30.5,2.00,7876,0,16,கடை,-TR.NO/2022/0169/28/021179,,,2022/0169/28/021179,,,,,,,N,N,2022-07-22 18:24:45.09+05:30,60,,"",,
28,01,001,002,0015,0005,1397,3,,1397/PT,Y,P,289                 ,2,2,  ,0,8,2 ,4 ,2.00,2,0,0,29.5,2.00,7877,0,16,கடை,-TR.NO/2022/0169/28/021183,,,2022/0169/28/021183,,,,,,,N,N,2022-07-22 18:24:45.09+05:30,60,,"",,
28,01,001,002,0015,0005,1397,4,,1397/PT,Y,P,290                 ,2,2,  ,0,8,2 ,4 ,2.00,2,0,0,24.5,2.00,7878,0,16,கடை,-TR.NO/2022/0169/28/021208,,,2022/0169/28/021208,,,,,,,N,N,2022-07-22 18:24:45.09+05:30,60,,"",,
28,01,001,002,0015,0005,1397,5,,1397/PT,Y,P,290/a               ,2,2,  ,0,8,2 ,4 ,2.00,2,0,0,10.0,2.00,7879,0,16,காலியிடம்,-TR.NO/2022/0169/28/021204,,,2022/0169/28/021204,,,,,,,N,N,2022-07-22 18:24:45.09+05:30,60,,"",,
28,01,001,002,0015,0001,1398,1,,1398/PT,Y,P,290a                ,2,2,  ,0,8,2 ,4 ,2.00,2,0,0,20.5,2.00,7593,0,16,கடை,-TR.NO/2022/0169/28/021200,,,2022/0169/28/021200,,,,,,,N,N,2022-07-22 18:24:45.09+05:30,60,,"",,
28,01,001,002,0015,0005,1398,10,,1398/PT,Y,P,306                 ,2,2,  ,0,8,2 ,4 ,2.00,2,0,0,3.0,2.00,7880,0,6,கடை,2025/0153/28/005475TR DT. 2026-01-20,,,2025/0153/28/005475,,2025/28/01/000299SD,,,,,N,N,2026-01-20 15:07:26.629+05:30,60,,வசிப்பிடம்,,""
28,01,001,002,0015,0005,1398,11,,1398/PT,Y,P,306a                ,2,2,  ,0,8,2 ,4 ,2.00,2,0,0,27.0,2.00,7881,0,16,காரை வீடும் கடை,2024/0153/28/003035TR DT. 2024-11-26,,,2024/0153/28/003035,,,,,,,N,N,2024-11-26 11:45:01.423+05:30,60,,"",,""
28,01,001,002,0015,0005,1398,12,,1398/PT,Y,P,305/a               ,2,2,  ,0,8,2 ,4 ,2.00,2,0,0,12.5,2.00,7882,0,6,பாதை,2025/0153/28/005475TR DT. 2026-01-20,,,2025/0153/28/005475,,2025/28/01/000299SD,,,,,N,N,2026-01-20 15:07:26.638+05:30,60,,வசிப்பிடம்,,""
28,01,001,002,0015,0005,1398,13,,1398/PT,Y,P,306                 ,2,2,  ,0,8,2 ,4 ,2.00,2,0,0,27.5,2.00,65412,0,6,கடை,2025/0153/28/004916TR DT. 2025-12-13,,,2025/0153/28/004916,,2025/28/01/000299SD,,,,,N,N,2025-12-13 00:50:43.675+05:30,60,,வசிப்பிடம்,,""
28,01,001,002,0015,0005,1398,14,,1398/PT,Y,P,305/a               ,2,2,  ,0,8,2 ,4 ,2.00,2,0,0,30.0,2.00,65413,0,6,பாதை,2025/0153/28/004916TR DT. 2025-12-13,,,2025/0153/28/004916,,2025/28/01/000299SD,,,,,N,N,2025-12-13 00:50:43.691+05:30,60,,வசிப்பிடம்,,""
28,01,001,002,0015,0005,1398,15,,1398/PT,Y,P,305                 ,2,2,  ,0,8,2 ,4 ,2.00,2,0,0,11.0,2.00,65414,0,6,காரை வீடு,2025/0153/28/004916TR DT. 2025-12-13,,,2025/0153/28/004916,,2025/28/01/000299SD,,,,,N,N,2025-12-13 00:50:43.697+05:30,60,,வசிப்பிடம்,,""
28,01,001,002,0015,0005,1398,2,,1398/PT,Y,P,291                 ,2,2,  ,0,8,2 ,4 ,2.00,2,0,0,77.5,2.00,7883,0,16,கடை,-TR.NO/2022/0169/28/021197,,,2022/0169/28/021197,,,,,,,N,N,2022-07-22 18:24:45.09+05:30,60,,"",,
28,01,001,002,0015,0005,1398,3,,1398/PT,Y,P,292                 ,2,2,  ,0,8,2 ,4 ,2.00,2,0,0,56.0,2.00,7884,0,16,கடை,2024/0153/28/003352TR DT. 2024-12-31,,,2024/0153/28/003352,,,,,,,N,N,2024-12-31 16:34:16.123+05:30,60,,"",,""
28,01,001,002,0015,0005,1398,4,,1398/PT,Y,P,293                 ,2,2,  ,0,8,2 ,4 ,2.00,2,0,0,54.0,2.00,7885,0,16,கடை,-TR.NO/2022/0169/28/021214,,,2022/0169/28/021214,,,,,,,N,N,2022-07-22 18:24:48.949+05:30,60,,"",,
28,01,001,002,0015,0005,1398,5,,1398/PT,Y,P,294                 ,2,2,  ,0,8,2 ,4 ,2.00,2,0,0,28.0,2.00,7886,0,16,கடை,2025/0153/28/002489TR DT. 2025-07-14,,,2025/0153/28/002489,,,,,,,N,N,2025-07-14 20:21:31.833+05:30,60,,"",,""
28,01,001,002,0015,0005,1398,6,,1398/PT,Y,P,294/a               ,2,2,  ,0,8,2 ,4 ,2.00,2,0,0,13.5,2.00,7887,0,16,கடை,2025/0153/28/002488TR DT. 2025-07-14,,,2025/0153/28/002488,,,,,,,N,N,2025-07-14 20:20:59.111+05:30,60,,"",,""
28,01,001,002,0015,0005,1398,7,,1398/PT,Y,P,305                 ,2,2,  ,0,8,2 ,4 ,2.00,2,0,0,12.0,2.00,7888,0,6,காரை வீடு,2025/0153/28/005475TR DT. 2026-01-20,,,2025/0153/28/005475,,2025/28/01/000299SD,,,,,N,N,2026-01-20 15:07:26.646+05:30,60,,வசிப்பிடம்,,""
28,01,001,002,0015,0005,1398,8,,1398/PT,Y,P,-                   ,2,2,  ,0,8,2 ,4 ,2.00,2,0,0,42.0,2.00,7889,0,16,பாதை,-TR.NO/2022/0169/28/021237,,,2022/0169/28/021237,,,,,,,N,N,2022-07-22 18:24:48.949+05:30,60,,"",,
28,01,001,002,0015,0005,1398,9,,1398/PT,Y,P,295                 ,2,2,  ,0,8,2 ,4 ,2.00,2,0,0,31.0,2.00,7890,0,16,கடை,2024/0153/28/003037TR DT. 2024-11-26,,,2024/0153/28/003037,,,,,,,N,N,2024-11-26 11:46:31.009+05:30,60,,"",,""
28,01,001,002,0015,0005,1399,1,,1399/PT,N,P,.                   ,1,3,  ,0,0,00,"",0.00,2,0,1,23.0,0.00,0,0,16,ஜி.ஆர். நத்தம்,"",,,,,,,,,,Y,N,2017-11-07 11:48:30+05:30,60,,"",,
28,01,001,002,0015,0005,1399,2,,1399/PT,N,P,.                   ,1,3,  ,0,0,"","",0.00,2,0,13,52.0,0.00,0,0,16,பாலவிநாய கோவில் தெரு,"",,,,,,,,,,Y,N,2017-11-07 11:48:44+05:30,60,,"",,
28,01,001,002,0015,0005,1400,1,,1400/1,N,P,.                   ,1,3,  ,0,0,"","",0.00,2,0,14,85.0,0.00,0,0,16,பாலவிநாயக கோவில் தெரு,"",,,,,,,,,,Y,N,2017-11-07 11:51:16+05:30,60,,"",,
28,01,001,002,0015,0005,1400,2A,,1400/2PT,Y,P,1/3                 ,2,2,  ,0,8,2 ,4 ,2.00,2,0,1,14.5,2.00,7891,0,16,காரை கட்டடம்,-TR.NO/2022/0169/28/021229,,,2022/0169/28/021229,,,,,,,N,N,2022-07-22 18:24:48.949+05:30,60,,"",,
28,01,001,002,0015,0001,1400,2B,,1400/2PT,Y,P,1/3a                ,2,2,  ,0,8,2 ,4 ,2.00,2,0,0,47.5,2.00,7596,0,16,கடை,-TR.NO/2022/0169/28/021247,,,2022/0169/28/021247,,,,,,,N,N,2022-07-22 18:24:48.949+05:30,60,,"",,
28,01,001,002,0015,0005,1400,3,,1400/3,Y,P,-                   ,2,2,  ,0,8,2 ,4 ,2.00,2,0,0,41.0,2.00,7892,0,16,காரைகட்டிடம்,-TR.NO/2022/0169/28/021252,,,2022/0169/28/021252,,,,,,,N,N,2022-07-22 18:24:52.593+05:30,60,,"",,
28,01,001,002,0015,0005,1400,4,,1400/4,N,P,.                   ,1,3,  ,0,0,"","",0.00,2,0,1,60.5,0.00,0,0,16,பால விநாயக கோவில். சுடலை மாட சாமி கோவில்,"",,,,,,,,,,Y,N,2017-11-07 11:52:49+05:30,60,,"",,
28,01,001,002,0015,0005,1401,1A,,1401/1PT,Y,P,-                   ,2,2,  ,0,8,2 ,4 ,2.00,2,0,0,16.0,2.00,7893,0,16,காரை கடைகள்,-TR.NO/2022/0169/28/021254,,,2022/0169/28/021254,,,,,,,N,N,2022-07-22 18:24:52.593+05:30,60,,"",,
28,01,001,002,0015,0005,1401,1B,,1401/1PT,Y,P,312                 ,2,2,  ,0,8,2 ,4 ,2.00,2,0,0,21.5,2.00,7894,0,16,காரை கடை,-TR.NO/2022/0169/28/021256,,,2022/0169/28/021256,,,,,,,N,N,2022-07-22 18:24:52.593+05:30,60,,"",,
28,01,001,002,0015,0005,1401,2A,,1401/2PT,Y,P,313                 ,2,2,  ,0,8,2 ,4 ,2.00,2,0,0,25.5,2.00,7895,0,16,கடை,-TR.NO/2022/0169/28/021257,,,2022/0169/28/021257,,,,,,,N,N,2022-07-22 18:24:52.593+05:30,60,,"",,
28,01,001,002,0015,0006,1401,2B,,1401/2PT,Y,P,314                 ,2,2,  ,0,8,2 ,4 ,2.00,2,0,0,30.0,2.00,7959,0,16,கடை,-TR.NO/2022/0169/28/021258,,,2022/0169/28/021258,,,,,,,Y,N,2022-07-22 18:24:52.593+05:30,60,,"",,
28,01,001,002,0015,0006,1401,2C,,1401/2PT,Y,P,315                 ,2,2,  ,0,8,2 ,4 ,2.00,2,0,0,16.0,2.00,7960,0,16,கடை,-TR.NO/2022/0169/28/021260,,,2022/0169/28/021260,,,,,,,Y,N,2022-07-22 18:24:52.593+05:30,60,,"",,
28,01,001,002,0015,0006,1401,2D,,1401/2PT,Y,P,316                 ,2,2,  ,0,8,2 ,4 ,2.00,2,0,0,16.0,2.00,7961,0,16,கடை,-TR.NO/2022/0169/28/021262,,,2022/0169/28/021262,,,,,,,Y,N,2022-07-22 18:24:52.593+05:30,60,,"",,
28,01,001,002,0015,0006,1401,2E,,1401/2PT,Y,P,317                 ,2,2,  ,0,8,2 ,4 ,2.00,2,0,0,16.0,2.00,7962,0,16,கடை,-TR.NO/2022/0169/28/021259,,,2022/0169/28/021259,,,,,,,Y,N,2022-07-22 18:24:52.593+05:30,60,,"",,
28,01,001,002,0015,0006,1401,2F,,1401/2PT,Y,P,318                 ,2,2,  ,0,8,2 ,4 ,2.00,2,0,0,16.0,2.00,7963,0,16,கடை,-TR.NO/2022/0169/28/021270,,,2022/0169/28/021270,,,,,,,Y,N,2022-07-22 18:24:58.633+05:30,60,,"",,
28,01,001,002,0015,0006,1401,2G,,1401/2PT,Y,P,319                 ,2,2,  ,0,8,2 ,4 ,2.00,2,0,0,31.0,2.00,7964,0,16,கடை  காலியிடம்,-TR.NO/2022/0169/28/021272,,,2022/0169/28/021272,,,,,,,Y,N,2022-07-22 18:24:58.633+05:30,60,,"",,
28,01,001,002,0015,0006,1401,2H,,1401/2PT,Y,P,321                 ,2,2,  ,0,8,2 ,4 ,2.00,2,0,1,9.5,2.00,7965,0,16,கடை,-TR.NO/2022/0169/28/021273,,,2022/0169/28/021273,,,,,,,Y,N,2022-07-22 18:24:58.633+05:30,60,,"",,
28,01,001,002,0015,0006,1402,0,,1402,Y,P,.                   ,1,3,  ,0,0,"","",0.00,2,0,18,98.5,0.00,0,0,16,தெரு,"",,,,,,,,,,Y,N,2018-04-20 16:13:46+05:30,60,,"",,
28,01,001,002,0015,0006,1403,0,,1403,Y,P,.                   ,1,3,  ,0,0,"","",0.00,2,0,6,38.5,0.00,0,0,16,விஇ ரோடு,"",,,,,,,,,,Y,N,2018-04-20 17:31:27+05:30,60,,"",,
28,01,001,004,0015,0001,2968,1,,2968/1,Y,P,-                   ,1,3,  ,0,0,"","",0.00,2,0,15,4.5,0.00,32084,0,20,ரோடு,"",,,,,,,,,,Y,N,2018-06-28 17:37:13+05:30,60,,"",,
28,01,001,004,0015,0001,2968,2,,2968/2,Y,P,105                 ,1,3,  ,0,0,"","",0.00,2,0,0,7.0,0.00,32085,0,16,முற்றம்,"",,,,,,,,,,Y,N,2018-01-08 11:03:06+05:30,60,,"",,
28,01,001,004,0015,0001,2968,3,,2968/3,Y,P,112                 ,1,3,  ,0,0,"","",0.00,2,0,0,6.5,0.00,32086,0,16,முற்றம்,"",,,,,,,,,,Y,N,2018-01-08 11:03:32+05:30,60,,"",,
28,01,001,004,0015,0001,2969,1A,,2969/1PT,Y,P,211                 ,1,3,  ,0,0,"","",0.00,2,0,1,9.0,0.00,32087,0,16,மாடி மட்டப்பா வீடு,"",,,,,,,,,,Y,N,2018-01-08 11:05:11+05:30,60,,"",,
28,01,001,004,0015,0001,2969,1B,,2969/1PT,Y,P,-                   ,1,3,  ,0,0,"","",247.10,2,0,0,11.0,247.10,32088,0,16,பொது சந்து,"",,,,,,,,,,Y,N,2018-01-08 11:08:40+05:30,60,,"",,
28,01,001,004,0015,0001,2969,2A,,2969/2PT,Y,P,212                 ,1,3,  ,0,0,"","",247.10,2,0,0,13.5,247.10,32089,0,16,முற்றம்,"",,,,,,,,,,Y,N,2018-01-08 11:09:00+05:30,60,,"",,
28,01,001,004,0015,0001,2969,2B,,2969/2PT,Y,P,213                 ,1,3,  ,0,0,"","",247.10,2,0,0,10.5,247.10,32090,0,16,கடை,"",,,,,,,,,,Y,N,2018-01-08 11:09:21+05:30,60,,"",,
28,01,001,004,0015,0001,2969,2C,,2969/2PT,Y,P,-                   ,1,3,  ,0,0,"","",247.10,2,0,0,5.5,247.10,32091,0,16,முற்றம்,"",,,,,,,,,,Y,N,2018-01-08 11:09:48+05:30,60,,"",,
28,01,001,004,0015,0001,2969,2D,,2969/2PT,Y,P,214                 ,1,3,  ,0,0,"","",247.10,2,0,0,11.0,247.10,32092,0,16,கடை,"",,,,,,,,,,Y,N,2018-01-08 11:10:22+05:30,60,,"",,
28,01,001,004,0015,0001,2969,2E,,2969/2PT,Y,P,-                   ,1,3,  ,0,0,"","",247.10,2,0,0,4.0,247.10,32093,0,16,முற்றம்,"",,,,,,,,,,Y,N,2018-01-08 11:10:59+05:30,60,,"",,
28,01,001,004,0015,0001,2969,2F,,2969/2PT,Y,P,215                 ,1,3,  ,0,0,"","",247.10,2,0,0,16.0,247.10,32094,0,16,மட்டப்பா வீடு,"",,,,,,,,,,Y,N,2018-01-08 11:11:56+05:30,60,,"",,
28,01,001,004,0015,0001,2970,0,,2970,Y,P,212                 ,1,3,  ,0,0,"","",247.10,2,0,0,77.0,247.10,32095,0,16,மாடிவீடு,"",,,,,,,,,,Y,N,2018-01-08 11:12:39+05:30,60,,"",,
28,01,001,004,0015,0001,2971,0,,2971,Y,P,213v                ,1,3,  ,0,0,"","",247.10,2,0,0,79.5,247.10,32096,0,16,மாடிவீடு,"",,,,,,,,,,Y,N,2018-01-08 11:13:25+05:30,60,,"",,
28,01,001,004,0015,0001,2972,1,,2972/PT,Y,P,214                 ,1,3,  ,0,0,"","",247.10,2,0,0,3.5,247.10,32097,0,16,கடை,"",,,,,,,,,,Y,N,2018-01-08 11:14:00+05:30,60,,"",,
28,01,001,004,0015,0001,2972,2,,2972/PT,Y,P,214                 ,1,3,  ,0,0,"","",0.00,2,0,0,74.5,0.00,32098,0,16,மாடிவீடு,"",,,,,,,,,,Y,N,2018-01-08 11:14:26+05:30,60,,"",,
28,01,001,004,0015,0001,2973,0,,2973,Y,P,215                 ,1,3,  ,0,0,"","",247.10,2,0,0,87.0,247.10,32099,0,16,மாடிவீடு,"",,,,,,,,,,Y,N,2018-01-08 11:15:02+05:30,60,,"",,
28,01,001,004,0015,0001,2974,1,,2974/1,Y,P,52                  ,1,3,  ,0,0,"","",247.10,2,0,1,0.0,247.10,32100,0,16,மாடிவீடு,"",,,,,,,,,,Y,N,2018-01-08 11:15:40+05:30,60,,"",,
28,01,001,004,0015,0001,2974,2,,2974/2,Y,P,51                  ,1,3,  ,0,0,"","",247.10,2,0,0,98.5,247.10,32101,0,16,மாடிவீடு  சிப்காட்அலுவலகம்,"",,,,,,,,,,Y,N,2018-01-08 11:16:12+05:30,60,,"",,
28,01,001,004,0015,0001,2975,0,,2975,Y,P,216C                ,1,3,  ,0,0,"","",247.10,2,0,0,11.5,247.10,32102,0,16,ஓட்டுவீடு,"",,,,,,,,,,Y,N,2018-01-08 11:16:46+05:30,60,,"",,
28,01,001,004,0015,0001,2976,0,,2976,Y,P,216B                ,1,3,  ,0,0,"","",247.10,2,0,0,11.0,247.10,32103,0,16,மட்டப்பாவீடு,"",,,,,,,,,,Y,N,2018-01-08 11:18:31+05:30,60,,"",,
28,01,001,004,0015,0001,2977,0,,2977,Y,P,216B                ,1,3,  ,0,0,"","",247.10,2,0,0,21.5,247.10,32104,0,16,மட்டப்பா வீடு,"",,,,,,,,,,Y,N,2018-01-08 11:19:53+05:30,60,,"",,
28,01,001,004,0015,0001,2978,1,,2978/PT,Y,P,216A                ,1,3,  ,0,0,"","",247.10,2,0,0,75.5,247.10,32105,0,16,ஓட்டுவீடு மாடிவீடு,"",,,,,,,,,,Y,N,2018-01-08 11:20:20+05:30,60,,"",,
28,01,001,004,0015,0001,2978,2,,2978/PT,Y,P,216C                ,1,3,  ,0,0,"","",247.10,2,0,0,9.5,247.10,32106,0,16,ஓட்டுவீடு,"",,,,,,,,,,Y,N,2018-01-08 11:20:51+05:30,60,,"",,
28,01,001,004,0015,0001,2978,3,,2978/PT,Y,P,216D                ,1,3,  ,0,0,"","",247.10,2,0,0,18.5,247.10,32107,0,16,ஓட்டுவீடு,"",,,,,,,,,,Y,N,2018-01-08 11:21:31+05:30,60,,"",,
28,01,001,004,0015,0001,2978,4,,2978/PT,Y,P,-                   ,1,3,  ,0,0,"","",247.10,2,0,0,64.0,247.10,32108,0,16,பொது பாதை,"",,,,,,,,,,Y,N,2018-01-08 11:22:17+05:30,60,,"",,
28,01,001,004,0015,0001,2978,5,,2978/PT,Y,P,216                 ,1,3,  ,0,0,"","",247.10,2,0,2,60.0,247.10,32109,0,16,கல்யாணமண்டபம்,"",,,,,,,,,,Y,N,2018-01-08 11:22:48+05:30,60,,"",,
28,01,001,004,0015,0001,2979,0,,2979,Y,P,217                 ,1,3,  ,0,0,"","",247.10,2,0,2,14.0,247.10,32110,0,16,மட்டப்பாவீடு,"",,,,,,,,,,Y,N,2018-01-08 11:23:21+05:30,60,,"",,
28,01,001,004,0015,0001,2980,1,,2980/PT,Y,P,218                 ,1,3,  ,0,0,"","",247.10,2,0,0,9.5,247.10,32111,0,16,கடை,"",,,,,,,,,,Y,N,2018-01-08 11:24:14+05:30,60,,"",,
28,01,001,004,0015,0001,2980,2,,2980/PT,Y,P,218                 ,1,3,  ,0,0,"","",247.10,2,0,2,28.5,247.10,32112,0,16,மாடி மருத்துவமனை,"",,,,,,,,,,Y,N,2018-01-08 11:24:55+05:30,60,,"",,
28,01,001,004,0015,0002,2981,0,,2981,Y,P,-                   ,1,3,  ,0,0,"","",0.00,2,0,2,81.5,0.00,0,0,16,தெரு மேற்குதேரோடும்வீதி,"",,,,,,,,,,Y,N,2018-01-08 11:26:58+05:30,60,,"",,
28,01,001,004,0015,0002,2982,0,,2982,Y,P,36                  ,1,3,  ,0,0,"","",247.10,2,0,0,76.0,247.10,32143,0,16,மாடிவீடு,"",,,,,,,,,,Y,N,2018-01-08 11:26:31+05:30,60,,"",,
28,01,001,004,0015,0002,2984,0,,2984,Y,P,38                  ,1,3,  ,0,0,"","",247.10,2,0,0,75.5,247.10,32145,0,16,மட்டப்பாவீடு,"",,,,,,,,,,Y,N,2018-01-08 11:28:27+05:30,60,,"",,
28,01,001,004,0015,0002,2985,0,,2985,Y,P,39                  ,1,3,  ,0,0,"","",247.10,2,0,0,76.0,247.10,32146,0,16,மாடிவீடு,"",,,,,,,,,,Y,N,2018-01-08 11:28:58+05:30,60,,"",,
28,01,001,004,0015,0002,2986,0,,2986,Y,P,40                  ,1,3,  ,0,0,"","",247.10,2,0,0,81.5,247.10,32147,0,16,மட்டப்பாவீடு,"",,,,,,,,,,Y,N,2018-01-08 11:29:41+05:30,60,,"",,
28,01,001,004,0015,0002,2987,0,,2987,Y,P,-                   ,1,3,  ,0,0,"","",247.10,2,0,0,35.0,247.10,32148,0,18,சந்து,"",,,,,,,,,,Y,N,2006-01-01 03:07:50+05:30,60,,"",,
28,01,001,004,0015,0002,2988,1A,,2988/1PT,Y,P,36/2                ,1,3,  ,0,0,"","",247.10,2,0,0,97.0,247.10,32149,0,16,ஓட்டுவீடு செட்,"",,,,,,,,,,Y,N,2018-01-08 11:31:31+05:30,60,,"",,
28,01,001,004,0015,0002,2988,1B,,2988/1PT,Y,P,36/1                ,1,3,  ,0,0,"","",247.10,2,0,0,36.0,247.10,32150,0,16,ஓட்டுவீடு செட்,"",,,,,,,,,,Y,N,2018-01-08 11:32:12+05:30,60,,"",,
28,01,001,004,0015,0002,2988,2A,,2988/2PT,Y,P,40A                 ,1,3,  ,0,0,"","",247.10,2,0,0,15.5,247.10,32151,0,16,மாடிவீடு,"",,,,,,,,,,Y,N,2018-01-08 11:32:45+05:30,60,,"",,
28,01,001,004,0015,0002,2988,2B,,2988/2PT,Y,P,40B                 ,1,3,  ,0,0,"","",247.10,2,0,0,14.5,247.10,32152,0,16,மட்டப்பாவீடு,"",,,,,,,,,,Y,N,2018-01-08 11:41:32+05:30,60,,"",,
28,01,001,004,0015,0002,2988,2C,,2988/2PT,Y,P,40C                 ,1,3,  ,0,0,"","",247.10,2,0,0,14.5,247.10,32153,0,16,மட்டப்பாவீடு,"",,,,,,,,,,Y,N,2018-01-08 11:41:44+05:30,60,,"",,
28,01,001,004,0015,0002,2988,2D,,2988/2PT,Y,P,40D                 ,1,3,  ,0,0,"","",247.10,2,0,0,14.5,247.10,32154,0,16,மட்டப்பாவீடு,"",,,,,,,,,,Y,N,2018-01-08 11:41:56+05:30,60,,"",,
28,01,001,004,0015,0002,2988,2E,,2988/2PT,Y,P,40E                 ,1,3,  ,0,0,"","",247.10,2,0,0,17.0,247.10,32155,0,16,மட்டப்பாவீடு மாடி,"",,,,,,,,,,Y,N,2018-01-08 11:42:06+05:30,60,,"",,
28,01,001,004,0015,0002,2988,2F,,2988/2PT,Y,P,-                   ,1,3,  ,0,0,"","",247.10,2,0,0,49.0,247.10,32156,0,16,முற்றம் கழிப்பிடம் காலியிடம்,"",,,,,,,,,,Y,N,2018-01-08 11:42:38+05:30,60,,"",,
28,01,001,004,0015,0002,2989,0,,2989,Y,P,41                  ,1,3,  ,0,0,"","",247.10,2,0,0,22.0,247.10,32157,0,16,மட்டப்பாவீடு,"",,,,,,,,,,Y,N,2018-01-08 11:43:11+05:30,60,,"",,
28,01,001,004,0015,0002,2990,1,,2990/PT,Y,P,41                  ,1,3,  ,0,0,"","",247.10,2,0,0,8.5,247.10,32158,0,16,மட்டப்பாவீடு,"",,,,,,,,,,Y,N,2018-01-08 11:43:43+05:30,60,,"",,
28,01,001,004,0015,0002,2990,2,,2990/PT,Y,P,42                  ,1,3,  ,0,0,"","",247.10,2,0,0,30.0,247.10,32159,0,16,மட்டப்பாவீடு,"",,,,,,,,,,Y,N,2018-01-08 11:44:13+05:30,60,,"",,
28,01,001,004,0015,0002,2990,3,,2990/PT,Y,P,42A                 ,1,3,  ,0,0,"","",247.10,2,0,0,28.0,247.10,32160,0,16,மட்டப்பாவீடு மாடிவீடு,"",,,,,,,,,,Y,N,2018-01-08 11:44:54+05:30,60,,"",,
28,01,001,004,0015,0002,2990,4,,2990/PT,Y,P,42B                 ,1,3,  ,0,0,"","",247.10,2,0,0,37.0,247.10,32161,0,16,மட்டப்பாவீடு மாடிவீடு,"",,,,,,,,,,Y,N,2018-01-08 11:45:23+05:30,60,,"",,
28,01,001,004,0015,0002,2990,5,,2990/PT,Y,P,42C                 ,1,3,  ,0,0,"","",247.10,2,0,0,32.5,247.10,32162,0,16,மட்டப்பாவீடு,"",,,,,,,,,,Y,N,2018-01-08 11:45:48+05:30,60,,"",,
28,01,001,004,0015,0002,2990,6,,2990/PT,Y,P,40H                 ,1,3,  ,0,0,"","",247.10,2,0,0,30.0,247.10,32163,0,16,மட்டப்பாவீடு மாடிவீடு,"",,,,,,,,,,Y,N,2018-01-08 11:46:20+05:30,60,,"",,
28,01,001,004,0015,0002,2990,7,,2990/PT,Y,P,-                   ,1,3,  ,0,0,"","",247.10,2,0,0,35.0,247.10,32164,0,16,முற்றம் பொதுபாதை,"",,,,,,,,,,Y,N,2018-01-08 11:46:52+05:30,60,,"",,
28,01,001,004,0015,0002,2991,1,,2991/PT,Y,P,43                  ,1,3,  ,0,0,"","",247.10,2,0,0,54.0,247.10,32165,0,16,வீடு,"",,,,,,,,,,Y,N,2018-01-08 11:48:07+05:30,60,,"",,
28,01,001,004,0015,0002,2991,2,,2991/PT,Y,P,43A                 ,1,3,  ,0,0,"","",247.10,2,0,0,34.0,247.10,32166,0,16,வீடு,"",,,,,,,,,,Y,N,2018-01-08 11:48:56+05:30,60,,"",,
28,01,001,004,0015,0002,2991,3,,2991/PT,Y,P,-                   ,1,3,  ,0,0,"","",247.10,2,0,0,9.5,0.00,32167,0,16,பொதுமுற்றம்,"",,,,,,,,,,Y,N,2018-01-08 11:50:48+05:30,60,,"",,
28,01,001,004,0015,0002,2991,4,,2991/PT,Y,P,43B                 ,1,3,  ,0,0,"","",247.10,2,0,0,18.5,247.10,32168,0,16,மட்டப்பாவீடு,"",,,,,,,,,,Y,N,2018-01-08 11:51:23+05:30,60,,"",,
28,01,001,004,0015,0002,2991,5,,2991/PT,Y,P,-                   ,1,3,  ,0,0,"","",247.10,2,0,0,10.5,247.10,32169,0,16,கழிப்பிடம் பொதுபாதை,"",,,,,,,,,,Y,N,2018-01-08 11:51:47+05:30,60,,"",,
28,01,001,004,0015,0002,2992,0,,2992,Y,P,48                  ,1,3,  ,0,0,"","",247.10,2,0,0,24.5,247.10,32170,0,16,வீடு  நீதிமன்றத்தில்வழக்கு நடந்துவருகிறது,"",,,,,,,,,,Y,N,2018-01-08 12:00:11+05:30,60,,"",,
28,01,001,004,0015,0002,2993,0,,2993,Y,P,47                  ,1,3,  ,0,0,"","",247.10,2,0,0,23.5,247.10,32171,0,16,வீடு  நீதிமன்றத்தில்வழக்கு நடந்துவருகிறது,"",,,,,,,,,,Y,N,2018-01-08 12:00:50+05:30,60,,"",,
28,01,001,004,0015,0002,2994,0,,2994,Y,P,46                  ,1,3,  ,0,0,"","",247.10,2,0,0,23.0,247.10,32172,0,16,வீடு நீதிமன்றத்தில்வழக்கு நடந்துவருகிறது,"",,,,,,,,,,Y,N,2018-01-08 12:01:24+05:30,60,,"",,
28,01,001,004,0015,0002,2995,0,,2995,Y,P,45                  ,1,3,  ,0,0,"","",247.10,2,0,0,34.0,247.10,32173,0,16,மட்டப்பாவீடு நீதிமன்றத்தில்வழக்கு நடந்துவருகிறது,"",,,,,,,,,,Y,N,2018-01-08 12:02:50+05:30,60,,"",,
28,01,001,004,0015,0002,2996,0,,2996,Y,P,44                  ,1,3,  ,0,0,"","",247.10,2,0,0,24.5,247.10,32174,0,16,மாடிவீடு நீதிமன்றத்தில்வழக்கு நடந்துவருகிறது,"",,,,,,,,,,Y,N,2018-01-08 12:03:39+05:30,60,,"",,
28,01,001,004,0015,0002,2997,1,,2997/PT,Y,P,50                  ,1,3,  ,0,0,"","",247.10,2,0,0,12.0,247.10,32175,0,16,ஒட்டுவீடு நீதிமன்றத்தில்வழக்கு நடந்துவருகிறது,"",,,,,,,,,,Y,N,2018-01-08 12:04:19+05:30,60,,"",,
28,01,001,004,0015,0002,2997,2,,2997/PT,Y,P,-                   ,1,3,  ,0,0,"","",247.10,2,0,0,56.5,247.10,32176,0,16,பொதுமுற்றம்  நீதிமன்றத்தில்வழக்கு நடந்துவருகிறது,"",,,,,,,,,,Y,N,2018-01-08 12:04:55+05:30,60,,"",,
28,01,001,004,0015,0002,2998,0,,2998,Y,P,49                  ,1,3,  ,0,0,"","",247.10,2,0,0,14.0,247.10,32177,0,16,ஒட்டுவீடு  நீதிமன்றத்தில்வழக்கு நடந்துவருகிறது,"",,,,,,,,,,Y,N,2018-01-08 12:05:31+05:30,60,,"",,
28,01,001,004,0015,0004,3020,15,,3020/PT,Y,P,29C                 ,1,3,  ,0,0,"","",91.43,2,0,0,16.5,91.43,32206,0,16,மட்டப்பாவீடு,"",,,,,,,,,,Y,N,2018-01-08 12:56:02+05:30,60,,"",,
28,01,001,004,0015,0002,2999,0,,2999,Y,P,-                   ,1,3,  ,0,0,"","",247.10,2,0,0,52.5,247.10,32178,0,16,பொதுகழிப்பிடம் காலிஇடம்  நீதிமன்றத்தில்வழக்கு நடந்துவருகிறது,"",,,,,,,,,,Y,N,2018-01-08 12:06:09+05:30,60,,"",,
28,01,001,004,0015,0003,3000,0,,3000,Y,P,-                   ,1,3,  ,0,0,"","",0.00,2,0,2,25.5,0.00,0,0,16,தெரு  வடக்குதேரோடும்வீதி,"",,,,,,,,,,Y,N,2018-01-08 12:07:06+05:30,60,,"",,
28,01,001,004,0015,0003,3001,0,,3001,Y,P,239                 ,1,3,  ,0,0,"","",91.43,2,0,0,34.5,91.43,32190,0,16,வீடு,"",,,,,,,,,,Y,N,2018-01-08 12:08:43+05:30,60,,"",,
28,01,001,004,0015,0002,3002,0,,3002,Y,P,240                 ,1,3,  ,0,0,"","",91.43,2,0,0,38.0,91.43,32179,0,16,வீடு,"",,,,,,,,,,Y,N,2018-01-08 12:08:08+05:30,60,,"",,
28,01,001,004,0015,0003,3003,1,,3003/PT,Y,P,-                   ,1,3,  ,0,0,"","",91.43,2,0,0,7.0,91.43,32191,0,16,பொதுநடைபாதை,"",,,,,,,,,,Y,N,2018-01-08 12:09:12+05:30,60,,"",,
28,01,001,004,0015,0003,3003,2,,3003/PT,Y,P,241                 ,1,3,  ,0,0,"","",91.43,2,0,0,29.5,91.43,32192,0,16,மட்டப்பாவீடு,"",,,,,,,,,,Y,N,2018-01-08 12:11:40+05:30,60,,"",,
28,01,001,004,0015,0003,3004,0,,3004,Y,P,242                 ,1,3,  ,0,0,"","",91.43,2,0,0,39.0,91.43,32193,0,16,மட்டப்பாவீடு,"",,,,,,,,,,Y,N,2018-01-08 12:13:44+05:30,60,,"",,
28,01,001,004,0015,0003,3005,1,,3005/PT,Y,P,-                   ,1,3,  ,0,0,"","",91.43,2,0,1,19.5,91.43,32194,0,35,-,"",,,,,,,,,,Y,N,2018-01-08 12:15:26+05:30,60,,"",,
28,01,001,004,0015,0003,3005,2,,3005/PT,Y,P,241                 ,1,3,  ,0,0,"","",91.43,2,0,0,9.5,91.43,32195,0,16,மட்டப்பாவீடு,"",,,,,,,,,,Y,N,2018-01-08 12:15:56+05:30,60,,"",,
28,01,001,004,0015,0003,3005,3,,3005/PT,Y,P,242                 ,1,3,  ,0,0,"","",247.10,2,0,0,6.0,247.10,32196,0,16,மட்டப்பாவீடு,"",,,,,,,,,,Y,N,2018-01-08 12:17:11+05:30,60,,"",,
28,01,001,004,0015,0003,3005,4,,3005/PT,Y,P,233                 ,1,3,  ,0,0,"","",247.10,2,0,0,38.5,247.10,32197,0,16,மட்டப்பாவீடு,"",,,,,,,,,,Y,N,2018-01-08 12:18:30+05:30,60,,"",,
28,01,001,004,0015,0003,3005,5,,3005/PT,Y,P,-                   ,1,3,  ,0,0,"","",247.10,2,0,0,60.0,247.10,32198,0,16,பொதுகாலியிடம்,"",,,,,,,,,,Y,N,2018-01-08 12:19:16+05:30,60,,"",,
28,01,001,004,0015,0003,3005,6,,3005/PT,Y,P,-                   ,1,3,  ,0,0,"","",247.10,2,0,0,40.5,247.10,32199,0,16,காலிமனை,"",,,,,,,,,,Y,N,2018-01-08 12:20:18+05:30,60,,"",,
28,01,001,004,0015,0003,3005,7,,3005/PT,Y,P,-                   ,1,3,  ,0,0,"","",247.10,2,0,0,39.5,247.10,32200,0,16,காலிமனை,"",,,,,,,,,,Y,N,2018-01-08 12:20:57+05:30,60,,"",,
28,01,001,004,0015,0001,3006,0,,3006,Y,P,236                 ,1,3,  ,0,0,"","",247.10,2,0,0,24.0,247.10,32113,0,16,செட்,"",,,,,,,,,,Y,N,2018-01-08 12:26:35+05:30,60,,"",,
28,01,001,004,0015,0001,3007,0,,3007,Y,P,237                 ,1,3,  ,0,0,"","",247.10,2,0,0,24.5,247.10,32114,0,16,ஓட்டுவீடு,"",,,,,,,,,,Y,N,2018-01-08 12:26:45+05:30,60,,"",,
28,01,001,004,0015,0001,3008,0,,3008,Y,P,238                 ,1,3,  ,0,0,"","",247.10,2,0,0,37.5,247.10,32115,0,16,ஓட்டுவீடு,"",,,,,,,,,,Y,N,2018-01-08 12:26:54+05:30,60,,"",,
28,01,001,004,0015,0001,3009,1,,3009/PT,Y,P,-                   ,1,3,  ,0,0,"","",247.10,2,0,0,14.0,247.10,32116,0,16,மாடிவீடு,"",,,,,,,,,,Y,N,2018-01-08 12:27:10+05:30,60,,"",,
28,01,001,004,0015,0001,3009,2,,3009/PT,Y,P,232                 ,1,3,  ,0,0,"","",247.10,2,0,0,74.5,247.10,32117,0,16,மாடிவீடு,"",,,,,,,,,,Y,N,2018-01-08 12:28:29+05:30,60,,"",,
28,01,001,004,0015,0001,3009,3,,3009/PT,Y,P,-                   ,1,3,  ,0,0,"","",247.10,2,0,0,83.5,247.10,32118,0,16,பொதுமுற்றம் பாதை,"",,,,,,,,,,Y,N,2018-01-08 12:28:02+05:30,60,,"",,
28,01,001,004,0015,0001,3009,4,,3009/PT,Y,P,231                 ,1,3,  ,0,0,"","",247.10,2,0,0,16.5,247.10,32119,0,16,மாடிவீடு,"",,,,,,,,,,Y,N,2018-01-08 12:28:58+05:30,60,,"",,
28,01,001,004,0015,0001,3010,0,,3010,Y,P,227                 ,1,3,  ,0,0,"","",247.10,2,0,0,18.0,247.10,32120,0,16,மாடிவீடு,"",,,,,,,,,,Y,N,2018-01-08 12:29:40+05:30,60,,"",,
28,01,001,004,0015,0001,3011,0,,3011,Y,P,229                 ,1,3,  ,0,0,"","",247.10,2,0,0,18.0,247.10,32121,0,16,மாடிவீடு,"",,,,,,,,,,Y,N,2018-01-08 12:30:16+05:30,60,,"",,
28,01,001,004,0015,0001,3012,0,,3012,Y,P,230                 ,1,3,  ,0,0,"","",247.10,2,0,0,16.0,247.10,32122,0,16,மாடிவீடு,"",,,,,,,,,,Y,N,2018-01-08 12:30:50+05:30,60,,"",,
28,01,001,004,0015,0001,3013,1,,3013/PT,Y,P,226                 ,1,3,  ,0,0,"","",247.10,2,0,2,0.5,247.10,32123,0,16,மாடிவீடு,"",,,,,,,,,,Y,N,2018-01-08 12:32:33+05:30,60,,"",,
28,01,001,004,0015,0001,3013,2,,3013/PT,Y,P,226A                ,1,3,  ,0,0,"","",247.10,2,0,1,12.0,247.10,32124,0,16,மாடிவீடு,"",,,,,,,,,,Y,N,2018-01-08 12:34:08+05:30,60,,"",,
28,01,001,004,0015,0001,3014,0,,3014,Y,P,243                 ,1,3,  ,0,0,"","",247.10,2,0,1,57.0,247.10,32125,0,16,வீடு,"",,,,,,,,,,Y,N,2018-01-08 12:35:53+05:30,60,,"",,
28,01,001,004,0015,0001,3015,0,,3015,Y,P,243                 ,1,3,  ,0,0,"","",247.10,2,0,0,13.5,247.10,32126,0,16,வீடு,"",,,,,,,,,,Y,N,2018-01-08 12:36:45+05:30,60,,"",,
28,01,001,004,0015,0001,3016,0,,3016,Y,P,243                 ,1,3,  ,0,0,"","",247.10,2,0,0,95.5,247.10,32127,0,16,மாடிவீடு,"",,,,,,,,,,Y,N,2018-01-08 12:37:17+05:30,60,,"",,
28,01,001,004,0015,0001,3017,0,,3017,Y,P,-                   ,1,3,  ,0,0,"","",0.00,2,0,0,22.5,0.00,0,0,23,அருள்மிகுமுத்தாரம்மன் கோவில்,"",,,,,,,,,,Y,N,2018-01-08 12:38:17+05:30,60,,"",,
28,01,001,004,0015,0001,3018,0,,3018,Y,P,-                   ,1,3,  ,0,0,"","",91.43,2,0,2,20.5,91.43,32128,0,23,அருள்மிகு முத்தாரம்மன் கோவில்,"",,,,,,,,,,Y,N,2006-01-01 01:29:54+05:30,60,,"",,
28,01,001,004,0015,0001,3019,1,,3019/PT,Y,P,248                 ,1,3,  ,0,0,"","",91.43,2,0,0,79.5,91.43,32129,0,16,மாடிவீடு,"",,,,,,,,,,Y,N,2018-01-08 12:42:26+05:30,60,,"",,
28,01,001,004,0015,0001,3019,2,,3019/PT,Y,P,-                   ,1,3,  ,0,0,"","",91.43,2,0,0,4.0,91.43,32130,0,16,செட்,"",,,,,,,,,,Y,N,2018-01-08 12:42:57+05:30,60,,"",,
28,01,001,004,0015,0001,3020,1,,3020/PT,Y,P,247A                ,1,3,  ,0,0,"","",91.43,2,0,0,97.0,91.43,32131,0,16,வீடு,"",,,,,,,,,,Y,N,2018-01-08 12:43:46+05:30,60,,"",,
28,01,001,004,0015,0004,3020,10,,3020/PT,Y,P,29C                 ,1,3,  ,0,0,"","",91.43,2,0,0,12.0,91.43,32201,0,16,மட்டப்பாவீடு,"",,,,,,,,,,Y,N,2018-01-08 12:53:05+05:30,60,,"",,
28,01,001,004,0015,0004,3020,11,,3020/PT,Y,P,243                 ,1,3,  ,0,0,"","",91.43,2,0,0,43.5,91.43,32202,0,16,மட்டப்பாவீடு,"",,,,,,,,,,Y,N,2018-01-08 12:53:29+05:30,60,,"",,
28,01,001,004,0015,0004,3020,12,,3020/PT,Y,P,29F                 ,1,3,  ,0,0,"","",91.43,2,0,0,24.5,91.43,32203,0,16,மட்டப்பாவீடு,"",,,,,,,,,,Y,N,2018-01-08 12:53:56+05:30,60,,"",,
28,01,001,004,0015,0004,3020,13,,3020/PT,Y,P,29E                 ,1,3,  ,0,0,"","",91.43,2,0,0,16.0,91.43,32204,0,16,மட்டப்பாவீடு,"",,,,,,,,,,Y,N,2018-01-08 13:00:09+05:30,60,,"",,
28,01,001,004,0015,0004,3020,14,,3020/PT,Y,P,29D                 ,1,3,  ,0,0,00,"",91.43,2,0,0,15.0,91.43,32205,0,16,மட்டப்பாவீடு,"",,,,,,,,,,Y,N,2018-01-08 13:00:19+05:30,60,,"",,
28,01,001,004,0015,0004,3020,16,,3020/PT,Y,P,29B                 ,1,3,  ,0,0,"","",91.43,2,0,0,16.5,91.43,32207,0,16,மட்டப்பாவீடு,"",,,,,,,,,,Y,N,2018-01-08 13:00:45+05:30,60,,"",,
28,01,001,004,0015,0004,3020,17,,3020/PT,Y,P,29A                 ,1,3,  ,0,0,"","",91.43,2,0,0,32.0,91.43,32208,0,16,மட்டப்பாவீடு,"",,,,,,,,,,Y,N,2018-01-08 13:01:12+05:30,60,,"",,
28,01,001,004,0015,0004,3020,18,,3020/PT,Y,P,-                   ,1,3,  ,0,0,"","",91.43,2,0,0,43.5,91.43,32209,0,16,பொதுபாதை,"",,,,,,,,,,Y,N,2018-01-08 13:01:45+05:30,60,,"",,
28,01,001,004,0015,0004,3020,2,,3020/PT,Y,P,247                 ,1,3,  ,0,0,"","",91.43,2,0,0,16.5,91.43,32210,0,16,கடை,"",,,,,,,,,,Y,N,2018-01-08 12:45:02+05:30,60,,"",,
28,01,001,004,0015,0004,3020,3,,3020/PT,Y,P,247                 ,1,3,  ,0,0,"","",91.43,2,0,1,66.0,91.43,32211,0,16,வீடு,"",,,,,,,,,,Y,N,2018-01-08 12:45:34+05:30,60,,"",,
28,01,001,004,0015,0004,3020,4,,3020/PT,Y,P,247                 ,1,3,  ,0,0,"","",91.43,2,0,0,42.5,91.43,32212,0,16,பொதுபாதை காலியிடம்,"",,,,,,,,,,Y,N,2018-01-08 12:46:04+05:30,60,,"",,
28,01,001,004,0015,0004,3020,5,,3020,Y,P,-                   ,1,3,  ,0,0,"","",91.43,2,0,0,30.5,91.43,32213,0,16,செட்,"",,,,,,,,,,Y,N,2018-01-08 12:46:42+05:30,60,,"",,
28,01,001,004,0015,0004,3020,6,,3020/PT,Y,P,29H1                ,1,3,  ,0,0,"","",91.43,2,0,0,11.0,91.43,32214,0,16,தையல்கடை,"",,,,,,,,,,Y,N,2018-01-08 12:48:24+05:30,60,,"",,
28,01,001,004,0015,0004,3020,7,,3020/PT,Y,P,29H2                ,1,3,  ,0,0,"","",91.43,2,0,0,11.0,91.43,32215,0,16,வீடு,"",,,,,,,,,,Y,N,2018-01-08 12:48:56+05:30,60,,"",,
28,01,001,004,0015,0004,3020,8,,3020/PT,Y,P,29A                 ,1,3,  ,0,0,"","",91.43,2,0,0,20.0,91.43,32216,0,16,மட்டப்பாவீடு,"",,,,,,,,,,Y,N,2018-01-08 12:51:38+05:30,60,,"",,
28,01,001,004,0015,0004,3020,9,,3020/PT,Y,P,29B                 ,1,3,  ,0,0,"","",91.43,2,0,0,36.0,91.43,32217,0,16,மட்டப்பாவீடு,"",,,,,,,,,,Y,N,2018-01-08 12:52:25+05:30,60,,"",,
28,01,001,004,0015,0004,3021,1,,3021/PT,Y,P,-                   ,1,3,  ,0,0,"","",0.00,2,0,0,32.5,0.00,32218,0,16,காலிமனை,"",,,,,,,,,,Y,N,2018-01-08 13:07:19+05:30,60,,"",,
28,01,001,004,0015,0004,3021,2,,3021/PT,Y,P,29F                 ,1,3,  ,0,0,"","",0.00,2,0,0,18.0,0.00,32219,0,16,மட்டப்பாவீடு,"",,,,,,,,,,Y,N,2018-01-08 13:08:19+05:30,60,,"",,
28,01,001,004,0015,0004,3021,3,,3021/PT,Y,P,29F                 ,1,3,  ,0,0,"","",0.00,2,0,0,18.0,0.00,32220,0,16,மட்டப்பாவீடு,"",,,,,,,,,,Y,N,2018-01-08 13:09:10+05:30,60,,"",,
28,01,001,004,0015,0004,3021,4,,3021/PT,Y,P,29D                 ,1,3,  ,0,0,"","",0.00,2,0,0,17.0,0.00,32221,0,16,மட்டப்பாவீடு,"",,,,,,,,,,Y,N,2018-01-08 13:09:59+05:30,60,,"",,
28,01,001,004,0015,0004,3021,5,,3021/PT,Y,P,29C                 ,1,3,  ,0,0,"","",0.00,2,0,0,19.0,0.00,32222,0,16,மட்டப்பாவீடு,"",,,,,,,,,,Y,N,2018-01-08 13:11:25+05:30,60,,"",,
28,01,001,004,0015,0004,3021,6,,3021/PT,Y,P,29B                 ,1,3,  ,0,0,"","",0.00,2,0,0,19.0,0.00,32223,0,16,மட்டப்பாவீடு,"",,,,,,,,,,Y,N,2018-01-08 13:12:02+05:30,60,,"",,
28,01,001,004,0015,0004,3021,7,,3021/PT,Y,P,29A                 ,1,3,  ,0,0,"","",0.00,2,0,0,39.0,0.00,32224,0,16,மட்டப்பாவீடு,"",,,,,,,,,,Y,N,2018-01-08 13:13:05+05:30,60,,"",,
28,01,001,004,0015,0004,3022,0,,3022,Y,P,23                  ,1,3,  ,0,0,"","",0.00,2,0,0,11.5,0.00,32225,0,16,மட்டப்பாவீடு,"",,,,,,,,,,Y,N,2018-01-08 13:13:31+05:30,60,,"",,
28,01,001,004,0015,0004,3023,0,,3023,Y,P,28                  ,1,3,  ,0,0,"","",0.00,2,0,0,17.5,0.00,32226,0,16,மாடிவீடு,"",,,,,,,,,,Y,N,2018-01-08 13:13:55+05:30,60,,"",,
28,01,001,004,0015,0004,3024,0,,3024,Y,P,28                  ,1,3,  ,0,0,"","",0.00,2,0,0,15.5,0.00,32227,0,16,மாடிவீடு,"",,,,,,,,,,Y,N,2018-01-08 13:14:18+05:30,60,,"",,
28,01,001,004,0015,0004,3025,0,,3025,Y,P,28                  ,1,3,  ,0,0,"","",0.00,2,0,0,16.5,0.00,32228,0,16,மாடிவீடு,"",,,,,,,,,,Y,N,2018-01-08 13:14:37+05:30,60,,"",,
28,01,001,004,0015,0004,3026,0,,3026,Y,P,-                   ,1,3,  ,0,0,"","",0.00,2,0,0,73.5,0.00,32229,0,16,முற்றம்,"",,,,,,,,,,Y,N,2018-01-08 13:14:58+05:30,60,,"",,
28,01,001,004,0015,0004,3027,0,,3027,Y,P,27A                 ,1,3,  ,0,0,"","",0.00,2,0,0,42.5,0.00,32230,0,16,மாடிவீடு,"",,,,,,,,,,Y,N,2018-01-08 13:15:31+05:30,60,,"",,
28,01,001,004,0015,0004,3028,0,,3028,Y,P,22                  ,1,3,  ,0,0,"","",0.00,2,0,0,31.5,0.00,32231,0,16,மட்டப்பாவீடு,"",,,,,,,,,,Y,N,2018-01-08 13:15:55+05:30,60,,"",,
28,01,001,004,0015,0004,3029,1,,3029/PT,Y,P,20                  ,1,3,  ,0,0,"","",0.00,2,0,0,66.5,0.00,32232,0,16,மாடிவீடு,"",,,,,,,,,,Y,N,2018-01-08 13:16:19+05:30,60,,"",,
28,01,001,004,0015,0004,3029,2,,3029/PT,Y,P,-                   ,1,3,  ,0,0,"","",0.00,2,0,0,31.0,0.00,32233,0,16,பொதுசந்து,"",,,,,,,,,,Y,N,2018-01-08 13:17:19+05:30,60,,"",,
28,01,001,004,0015,0004,3029,3,,3029/PT,Y,P,20A                 ,1,3,  ,0,0,"","",0.00,2,0,0,25.5,0.00,32234,0,16,மட்டப்பாவீடு,"",,,,,,,,,,Y,N,2018-01-08 13:17:45+05:30,60,,"",,
28,01,001,004,0015,0004,3030,1,,3030/PT,Y,P,21                  ,1,3,  ,0,0,"","",91.43,2,0,1,16.5,91.43,32235,0,16,மாடிவீடு,"",,,,,,,,,,Y,N,2018-01-08 13:18:55+05:30,60,,"",,
28,01,001,004,0015,0004,3030,2,,3030/PT,Y,P,21                  ,1,3,  ,0,0,"","",91.43,2,0,0,35.0,91.43,32236,0,16,மாடிவீடு,"",,,,,,,,,,Y,N,2018-01-08 13:19:34+05:30,60,,"",,
28,01,001,004,0015,0004,3031,0,,3031,Y,P,20/1                ,1,3,  ,0,0,"","",91.43,2,0,0,35.5,91.43,32237,0,16,மாடிவீடு,"",,,,,,,,,,Y,N,2018-01-08 13:20:11+05:30,60,,"",,
28,01,001,004,0015,0004,3032,0,,3032,Y,P,20/2                ,1,3,  ,0,0,"","",0.00,2,0,0,17.5,0.00,32238,0,16,மாடிவீடு,"",,,,,,,,,,Y,N,2018-01-08 13:20:47+05:30,60,,"",,
28,01,001,004,0015,0004,3033,1,,3033/PT,Y,P,-                   ,1,3,  ,0,0,"","",0.00,2,0,0,0.5,0.00,32239,0,16,பொதுசந்து,"",,,,,,,,,,Y,N,2018-01-08 13:21:04+05:30,60,,"",,
28,01,001,004,0015,0004,3033,2,,3033/PT,Y,P,20                  ,1,3,  ,0,0,"","",0.00,2,0,0,18.0,0.00,32240,0,16,மாடிவீடு,"",,,,,,,,,,Y,N,2018-01-08 13:21:27+05:30,60,,"",,
28,01,001,004,0015,0004,3034,0,,3034,Y,P,16                  ,1,3,  ,0,0,"","",0.00,2,0,0,13.0,0.00,32241,0,16,ஓட்டுவீடு,"",,,,,,,,,,Y,N,2018-01-08 13:21:49+05:30,60,,"",,
28,01,001,004,0015,0004,3035,0,,3035,Y,P,17                  ,1,3,  ,0,0,"","",0.00,2,0,0,20.0,0.00,32242,0,16,மட்டப்பாவீடு,"",,,,,,,,,,Y,N,2018-01-08 13:22:35+05:30,60,,"",,
28,01,001,004,0015,0004,3036,0,,3036,Y,P,18                  ,1,3,  ,0,0,"","",0.00,2,0,0,21.0,0.00,32243,0,16,மட்டப்பாவீடு,"",,,,,,,,,,Y,N,2018-01-08 13:22:55+05:30,60,,"",,
28,01,001,004,0015,0004,3037,1,,3037/PT,Y,P,-                   ,1,3,  ,0,0,"","",91.43,2,0,0,38.0,91.43,32244,0,16,பொதுகிணறுகாலியிடம்,"",,,,,,,,,,Y,N,2018-01-08 13:25:45+05:30,60,,"",,
28,01,001,004,0015,0004,3037,2A,,3037/2PT,Y,P,15                  ,1,3,  ,0,0,"","",91.43,2,0,0,12.0,91.43,32245,0,16,ஓட்டுவீடு,"",,,,,,,,,,Y,N,2018-01-08 13:26:32+05:30,60,,"",,
28,01,001,004,0015,0004,3037,2B,,3037/2PT,Y,P,15A                 ,1,3,  ,0,0,"","",91.43,2,0,0,11.0,91.43,32246,0,16,ஓட்டுவீடு,"",,,,,,,,,,Y,N,2018-01-08 13:27:08+05:30,60,,"",,
28,01,001,004,0015,0004,3037,2C,,3037/2PT,Y,P,-                   ,1,3,  ,0,0,"","",0.00,2,0,0,38.5,0.00,32247,0,16,கிணறு பொதுபாதை,"",,,,,,,,,,Y,N,2018-01-08 13:27:44+05:30,60,,"",,
28,01,001,004,0015,0004,3037,2D,,3037/2PT,Y,P,19                  ,1,3,  ,0,0,"","",91.43,2,0,0,15.0,91.43,32248,0,16,வீடு,"",,,,,,,,,,Y,N,2018-01-08 13:29:06+05:30,60,,"",,
28,01,001,004,0015,0004,3038,1,,3038/PT,Y,P,19                  ,1,3,  ,0,0,"","",0.00,2,0,0,25.5,0.00,32249,0,16,மாடிவீடு,"",,,,,,,,,,Y,N,2018-01-08 13:29:38+05:30,60,,"",,
28,01,001,004,0015,0004,3038,2,,3038/PT,Y,P,-                   ,1,3,  ,0,0,"","",0.00,2,0,0,5.0,0.00,32250,0,16,பொதுபாதை,"",,,,,,,,,,Y,N,2018-01-08 13:30:17+05:30,60,,"",,
28,01,001,004,0015,0004,3039,1,,3039/PT,Y,P,-                   ,1,3,  ,0,0,"","",0.00,2,0,0,4.0,0.00,32251,0,16,பொதுபாதை,"",,,,,,,,,,Y,N,2018-01-08 13:30:57+05:30,60,,"",,
28,01,001,004,0015,0004,3039,2,,3039/PT,Y,P,14                  ,1,3,  ,0,0,"","",0.00,2,0,0,32.5,0.00,32252,0,16,மாடிமட்டப்பாவீடு,"",,,,,,,,,,Y,N,2018-08-14 12:53:53+05:30,60,,"",,
28,01,001,004,0015,0004,3040,1,,3040/PT,Y,P,-                   ,1,3,  ,0,0,"","",0.00,2,0,0,21.0,0.00,32253,0,16,பொதுபாதை,"",,,,,,,,,,Y,N,2018-08-14 12:55:52+05:30,60,,"",,
28,01,001,004,0015,0004,3040,2,,3040/PT,Y,P,13                  ,1,3,  ,0,0,"","",0.00,2,0,1,38.5,0.00,32254,0,16,மாடிமட்டப்பாவீடு,"",,,,,,,,,,Y,N,2018-08-14 13:01:10+05:30,60,,"",,
28,01,001,004,0015,0004,3040,3,,3040/PT,Y,P,-                   ,1,3,  ,0,0,"","",0.00,2,0,0,39.0,0.00,32255,0,16,பொதுபாதை,"",,,,,,,,,,Y,N,2018-01-08 13:33:35+05:30,60,,"",,
28,01,001,004,0015,0001,3041,1,,3041/PT,Y,P,225A                ,1,3,  ,0,0,"","",247.10,2,0,0,22.0,247.10,32132,0,16,மட்டப்பாவீடு,"",,,,,,,,,,Y,N,2018-01-08 13:34:35+05:30,60,,"",,
28,01,001,004,0015,0001,3041,2,,3041/PT,Y,P,225                 ,1,3,  ,0,0,"","",247.10,2,0,0,23.0,247.10,32133,0,16,மட்டப்பாவீடு,"",,,,,,,,,,Y,N,2018-01-08 13:36:29+05:30,60,,"",,
28,01,001,004,0015,0001,3041,3,,3041/PT,Y,P,224 224A            ,1,3,  ,0,0,"","",247.10,2,0,0,70.0,247.10,32134,0,16,மாடிமட்டப்பாவீடு,"",,,,,,,,,,Y,N,2018-01-08 13:36:36+05:30,60,,"",,
28,01,001,004,0015,0001,3041,4,,3041/PT,Y,P,-                   ,1,3,  ,0,0,"","",247.10,2,0,0,31.0,247.10,32135,0,16,கிணறு பொதுபாதை,"",,,,,,,,,,Y,N,2018-01-08 13:36:11+05:30,60,,"",,
28,01,001,004,0015,0001,3041,5,,3041/PT,Y,P,-                   ,1,3,  ,0,0,"","",247.10,2,0,0,4.0,247.10,32136,0,16,பொதுகழிப்பிடம்,"",,,,,,,,,,Y,N,2018-01-08 13:37:01+05:30,60,,"",,
28,01,001,004,0015,0001,3042,0,,3042,Y,P,223                 ,1,3,  ,0,0,"","",247.10,2,0,0,25.5,247.10,32137,0,16,மட்டப்பாஓட்டுவீடு,"",,,,,,,,,,Y,N,2018-01-08 13:39:05+05:30,60,,"",,
28,01,001,004,0015,0001,3043,0,,3043,Y,P,222                 ,1,3,  ,0,0,"","",247.10,2,0,0,22.5,247.10,32138,0,16,மட்டப்பாவீடு,"",,,,,,,,,,Y,N,2018-01-08 13:38:51+05:30,60,,"",,
28,01,001,004,0015,0001,3044,0,,3044,Y,P,221                 ,1,3,  ,0,0,"","",247.10,2,0,0,22.0,247.10,32139,0,16,மட்டப்பாஓட்டுவீடு,"",,,,,,,,,,Y,N,2018-01-08 13:39:40+05:30,60,,"",,
28,01,001,004,0015,0001,3045,0,,3045,Y,P,220                 ,1,3,  ,0,0,"","",247.10,2,0,0,21.5,247.10,32140,0,16,மட்டப்பாஓட்டுவீடு,"",,,,,,,,,,Y,N,2018-01-08 13:40:20+05:30,60,,"",,
28,01,001,004,0015,0001,3046,1,,3046/PT,Y,P,-                   ,1,3,  ,0,0,"","",0.00,2,0,0,80.5,0.00,32141,0,18,சந்து,"",,,,,,,,,,Y,N,2006-01-01 01:16:17+05:30,60,,"",,
28,01,001,004,0015,0001,3046,2,,3046/PT,Y,P,-                   ,1,3,  ,0,0,"","",0.00,2,0,0,42.5,0.00,32142,0,18,சந்து,"",,,,,,,,,,Y,N,2006-01-01 01:23:07+05:30,60,,"",,
28,01,001,004,0015,0004,3047,0,,3047,Y,P,219                 ,1,3,  ,0,0,"","",247.10,2,0,0,82.0,247.10,32256,0,16,செட் பொதுநடைபாதை வட்டக்கிணறு,"",,,,,,,,,,Y,N,2018-01-08 13:43:45+05:30,60,,"",,
28,01,001,004,0015,0004,3048,1,,3048/PT,Y,P,-                   ,1,3,  ,0,0,"","",0.00,2,0,0,43.0,0.00,32257,0,16,தெரு,"",,,,,,,,,,Y,N,2018-01-08 13:44:24+05:30,60,,"",,
28,01,001,004,0015,0004,3048,2,,3048/PT,Y,P,12                  ,1,3,  ,0,0,"","",0.00,2,0,0,91.5,0.00,32258,0,16,மட்டப்பாவீடு,"",,,,,,,,,,Y,N,2018-01-08 13:46:26+05:30,60,,"",,
28,01,001,004,0015,0004,3049,0,,3049,Y,P,11                  ,1,3,  ,0,0,"","",0.00,2,0,1,41.5,0.00,32259,0,16,மட்டப்பாவீடு,"",,,,,,,,,,Y,N,2018-01-08 13:46:57+05:30,60,,"",,
28,01,001,004,0015,0004,3050,0,,3050,Y,P,10                  ,1,3,  ,0,0,"","",0.00,2,0,1,21.0,0.00,32260,0,16,மட்டப்பாவீடு,"",,,,,,,,,,Y,N,2018-01-08 13:47:34+05:30,60,,"",,
28,01,001,004,0015,0004,3051,0,,3051,Y,P,"11, 12, 13          ",1,3,  ,0,0,"","",0.00,2,0,41,37.0,0.00,32261,0,16,கடை கோவில் அலுவலகம்,"",,,,,,,,,,Y,N,2018-01-08 13:51:29+05:30,60,,"",,
28,01,001,004,0015,0004,3052,0,,3052,Y,P,"3,4,5               ",1,3,  ,0,0,"","",0.00,2,0,27,41.0,0.00,32262,0,16,கடை டைப்ஆபீஸ்,"",,,,,,,,,,Y,N,2018-01-08 13:51:48+05:30,60,,"",,
28,01,001,004,0015,0004,3053,0,,3053,Y,P,"6,6A                ",1,3,  ,0,0,"","",0.00,2,0,26,49.5,0.00,32263,0,16,கடைவீடு பொதுகிணறு,"",,,,,,,,,,Y,N,2018-01-08 13:52:20+05:30,60,,"",,
28,01,001,004,0015,0004,3054,0,,3054,Y,P,"7,8,9,10            ",1,3,  ,0,0,"","",91.43,2,0,1,93.0,91.43,32264,0,16,மட்டப்பாவீடு கடை,"",,,,,,,,,,Y,N,2018-01-08 13:55:14+05:30,60,,"",,
28,01,001,004,0015,0004,3055,1,,3055/PT,Y,P,4                   ,1,3,  ,0,0,"","",0.00,2,0,0,77.0,0.00,32265,0,16,மட்டப்பாவீடு,"",,,,,,,,,,Y,N,2018-01-08 13:55:42+05:30,60,,"",,
28,01,001,004,0015,0004,3055,2,,3055/PT,Y,P,-                   ,1,3,  ,0,0,"","",0.00,2,0,0,11.0,0.00,32266,0,16,கடை,"",,,,,,,,,,Y,N,2018-01-08 13:56:15+05:30,60,,"",,
28,01,001,004,0015,0004,3056,0,,3056,Y,P,5                   ,1,3,  ,0,0,"","",0.00,2,0,0,71.5,0.00,32267,0,16,மட்டப்பாவீடு,"",,,,,,,,,,Y,N,2018-01-08 13:56:52+05:30,60,,"",,
28,01,001,004,0015,0004,3057,0,,3057,Y,P,6                   ,1,3,  ,0,0,"","",0.00,2,0,0,72.5,0.00,32268,0,16,மட்டப்பாவீடு,"",,,,,,,,,,Y,N,2018-01-08 15:02:04+05:30,60,,"",,
28,01,001,004,0015,0004,3058,1,,3058/PT,Y,P,-                   ,1,3,  ,0,0,"","",15.44,2,0,0,1.5,15.44,32269,0,16,முற்றம்,"",,,,,,,,,,Y,N,2018-01-08 15:04:06+05:30,60,,"",,
28,01,001,004,0015,0004,3058,2A,,3058/2PT,Y,P,3                   ,1,3,  ,0,0,"","",15.44,2,0,1,96.5,15.44,32270,0,16,மாடிவீடு,"",,,,,,,,,,Y,N,2018-01-08 15:03:33+05:30,60,,"",,
28,01,001,004,0015,0004,3058,2B,,3058/2PT,Y,P,-                   ,1,3,  ,0,0,"","",15.44,2,0,0,18.5,15.44,32271,0,16,கடை வீடு,"",,,,,,,,,,Y,N,2018-01-08 15:04:50+05:30,60,,"",,
28,01,001,004,0015,0004,3059,1,,3059/1PT,Y,P,-                   ,1,3,  ,0,0,"","",15.44,2,0,0,2.5,15.44,32272,0,16,முற்றம்,"",,,,,,,,,,Y,N,2018-01-08 15:05:39+05:30,60,,"",,
28,01,001,004,0015,0004,3059,2A,,3059/2PT,Y,P,2                   ,1,3,  ,0,0,"","",15.44,2,0,1,27.0,15.44,32273,0,16,மாடிவீடு,"",,,,,,,,,,Y,N,2018-01-08 15:06:19+05:30,60,,"",,
28,01,001,004,0015,0004,3059,2B,,3059/2PT,Y,P,2                   ,1,3,  ,0,0,"","",15.44,2,0,0,16.5,15.44,32274,0,16,கடை,"",,,,,,,,,,Y,N,2018-01-08 15:07:26+05:30,60,,"",,
28,01,001,004,0015,0004,3060,1,,3060/1,Y,P,-                   ,1,3,  ,0,0,"","",0.00,2,0,0,1.5,0.00,32275,0,16,முற்றம்,"",,,,,,,,,,Y,N,2018-01-08 15:11:26+05:30,60,,"",,
28,01,001,004,0015,0004,3060,2A,,3060/2PT,Y,P,1                   ,1,3,  ,0,0,"","",0.00,2,0,1,29.0,0.00,32276,0,16,மாடிவீடு,"",,,,,,,,,,Y,N,2018-01-08 15:08:55+05:30,60,,"",,
28,01,001,004,0015,0004,3060,2B,,3060/2PT,Y,P,1                   ,1,3,  ,0,0,"","",0.00,2,0,0,13.5,0.00,32277,0,16,மாடிவீடு,"",,,,,,,,,,Y,N,2018-01-08 15:09:30+05:30,60,,"",,
28,01,001,004,0015,0005,3061,1,,3061/PT,Y,P,-                   ,1,3,  ,0,0,"","",0.00,2,0,0,6.0,0.00,32278,0,16,பொதுசந்து,"",,,,,,,,,,Y,N,2018-01-08 15:12:05+05:30,60,,"",,
28,01,001,004,0015,0005,3061,2,,3061/PT,Y,P,1C                  ,1,3,  ,0,0,"","",0.00,2,0,0,5.0,0.00,32279,0,16,மட்டப்பாகடைவீடு,"",,,,,,,,,,Y,N,2018-01-08 15:14:47+05:30,60,,"",,
28,01,001,004,0015,0005,3061,3,,3061/PT,Y,P,1C3                 ,1,3,  ,0,0,"","",0.00,2,0,0,6.5,0.00,32280,0,16,மட்டப்பாகடைவீடு,"",,,,,,,,,,Y,N,2018-01-08 15:15:23+05:30,60,,"",,
28,01,001,004,0015,0005,3061,4,,3061/PT,Y,P,1C2                 ,1,3,  ,0,0,  ,  ,0.00,2,0,0,8.0,0.00,32281,0,16,"","",,,,,,,,,,Y,N,2018-01-08 15:15:48+05:30,60,,மட்டப்பா கடை வீடு,,
28,01,001,004,0015,0005,3061,5,,3061/PT,Y,P,1c1                 ,1,3,  ,0,0,  ,  ,0.00,2,0,0,40.5,0.00,32282,0,16,"","",,,,,,,,,,Y,N,2018-01-08 15:17:04+05:30,60,,மட்டப்பாவீடு,,
28,01,001,004,0015,0005,3061,6,,3061/PT,Y,P,115A                ,1,3,  ,0,0,"","",0.00,2,0,0,44.5,0.00,32283,0,16,கடை,"",,,,,,,,,,Y,N,2018-01-08 15:17:34+05:30,60,,"",,
28,01,001,004,0015,0005,3061,7,,3061/PT,Y,P,115A                ,1,3,  ,0,0,"","",0.00,2,0,0,10.5,0.00,32284,0,16,கடை,"",,,,,,,,,,Y,N,2018-01-08 15:17:56+05:30,60,,"",,
28,01,001,004,0015,0005,3061,8,,3061/PT,Y,P,115                 ,1,3,  ,0,0,"","",0.00,2,0,0,14.0,0.00,32285,0,16,கடை,"",,,,,,,,,,Y,N,2018-01-08 15:18:17+05:30,60,,"",,
28,01,001,004,0015,0005,3061,9,,3061/PT,Y,P,115A                ,1,3,  ,0,0,"","",0.00,2,0,0,12.5,0.00,32286,0,16,கடை,"",,,,,,,,,,Y,N,2018-01-08 15:18:42+05:30,60,,"",,
28,01,001,004,0015,0005,3062,1,,3062/PT,Y,P,-                   ,1,3,  ,0,0,"","",0.00,2,0,0,6.5,0.00,32287,0,16,பொதுசந்து,"",,,,,,,,,,Y,N,2018-01-08 15:19:45+05:30,60,,"",,
28,01,001,004,0015,0005,3062,2,,3062/PT,Y,P,116                 ,1,3,  ,0,0,"","",0.00,2,0,1,38.0,0.00,32288,0,16,மாடிவீடு,"",,,,,,,,,,Y,N,2018-01-08 15:20:32+05:30,60,,"",,
28,01,001,004,0015,0005,3063,0,,3063,Y,P,-                   ,1,3,  ,0,0,"","",0.00,2,0,0,35.5,0.00,32289,0,16,பொதுசந்து,"",,,,,,,,,,Y,N,2018-01-08 15:21:01+05:30,60,,"",,
28,01,001,004,0015,0005,3064,1,,3064/PT,Y,P,119                 ,1,3,  ,0,0,"","",0.00,2,0,0,76.5,0.00,32290,0,16,மட்டப்பாவீடு,"",,,,,,,,,,Y,N,2018-01-08 15:21:36+05:30,60,,"",,
28,01,001,004,0015,0005,3064,2,,3064/PT,Y,P,118                 ,1,3,  ,0,0,"","",0.00,2,0,0,47.0,0.00,32291,0,16,மட்டப்பாவீடு,"",,,,,,,,,,Y,N,2018-01-08 15:22:00+05:30,60,,"",,
28,01,001,004,0015,0005,3064,3,,3064/PT,Y,P,-                   ,1,3,  ,0,0,"","",0.00,2,0,0,21.0,0.00,32292,0,16,ரூம்,"",,,,,,,,,,Y,N,2018-01-08 15:22:34+05:30,60,,"",,
28,01,001,004,0015,0005,3065,1,,3065/PT,Y,P,-                   ,1,3,  ,0,0,"","",0.00,2,0,0,69.5,0.00,32293,0,16,தெரு,"",,,,,,,,,,Y,N,2018-01-08 15:23:10+05:30,60,,"",,
28,01,001,004,0015,0005,3065,2,,3065/PT,Y,P,117C1               ,1,3,  ,0,0,"","",0.00,2,0,0,36.5,0.00,32294,0,16,கடை,"",,,,,,,,,,Y,N,2018-01-08 15:23:37+05:30,60,,"",,
28,01,001,004,0015,0005,3065,3,,3065/PT,Y,P,117/C               ,1,3,  ,0,0,"","",0.00,2,0,0,9.0,0.00,32295,0,16,கடை,"",,,,,,,,,,Y,N,2018-01-08 15:24:07+05:30,60,,"",,
28,01,001,004,0015,0005,3065,4,,3065/PT,Y,P,117A                ,1,3,  ,0,0,"","",0.00,2,0,0,9.0,0.00,32296,0,16,கடை,"",,,,,,,,,,Y,N,2018-01-08 15:24:53+05:30,60,,"",,
28,01,001,004,0015,0005,3065,5,,3065/PT,Y,P,117B                ,1,3,  ,0,0,"","",0.00,2,0,0,10.0,0.00,32297,0,16,கடை,"",,,,,,,,,,Y,N,2018-01-08 15:25:23+05:30,60,,"",,
28,01,001,004,0015,0005,3065,6,,3065/PT,Y,P,-                   ,1,3,  ,0,0,"","",0.00,2,0,0,11.5,0.00,32298,0,16,தெரு,"",,,,,,,,,,Y,N,2018-01-08 15:26:10+05:30,60,,"",,
28,01,001,004,0015,0005,3066,1,,3066/I,Y,P,-                   ,1,3,  ,0,0,"","",15.44,2,0,2,88.0,15.44,32299,0,16,மேற்குபெரியகாட்டன்ரோடு,"",,,,,,,,,,Y,N,2006-01-01 01:01:05+05:30,60,,"",,
28,01,001,004,0015,0005,3066,2A,,3066/2A,Y,P,3                   ,1,3,  ,0,0,"","",15.44,2,0,0,1.5,15.44,32300,0,16,முற்றம்,"",,,,,,,,,,Y,N,2018-01-08 15:28:49+05:30,60,,"",,
28,01,001,004,0015,0005,3066,2B,,3066/2B,Y,P,2                   ,1,3,  ,0,0,"","",0.00,2,0,0,2.5,0.00,32301,0,16,முற்றம்,"",,,,,,,,,,Y,N,2018-01-08 15:29:18+05:30,60,,"",,
28,01,001,004,0015,0005,3066,3,,3066/3,Y,P,1                   ,1,3,  ,0,0,"","",15.44,2,0,0,5.0,15.44,32302,0,16,முற்றம்,"",,,,,,,,,,Y,N,2018-01-08 15:30:55+05:30,60,,"",,
28,01,001,004,0015,0005,3067,1,,3067/PT,Y,P,126C                ,1,3,  ,0,0,"","",91.43,2,0,0,16.5,91.43,32303,0,16,மாடிகடை,"",,,,,,,,,,Y,N,2018-01-08 15:32:15+05:30,60,,"",,
28,01,001,004,0015,0005,3067,2,,3067/PT,Y,P,126B                ,1,3,  ,0,0,"","",91.43,2,0,0,13.5,91.43,32304,0,16,கடை,"",,,,,,,,,,Y,N,2018-01-08 15:34:01+05:30,60,,"",,
28,01,001,004,0015,0005,3067,3,,3067/PT,Y,P,126A                ,1,3,  ,0,0,"","",91.43,2,0,0,25.5,91.43,32305,0,16,கடை,"",,,,,,,,,,Y,N,2006-01-01 00:55:42+05:30,60,,"",,
28,01,001,004,0015,0005,3068,1,,3068/PT,Y,P,125                 ,1,3,  ,0,0,"","",91.43,2,0,0,2.5,91.43,32306,0,16,கடை,"",,,,,,,,,,Y,N,2018-01-08 15:35:48+05:30,60,,"",,
28,01,001,004,0015,0005,3068,2,,3068/PT,Y,P,126C                ,1,3,  ,0,0,"","",91.43,2,0,0,44.5,91.43,32307,0,16,கடை,"",,,,,,,,,,Y,N,2018-01-08 15:38:06+05:30,60,,"",,
28,01,001,004,0015,0005,3069,0,,3069,Y,P,124                 ,1,3,  ,0,0,"","",91.43,2,0,0,45.0,91.43,32308,0,16,கடை,"",,,,,,,,,,Y,N,2018-01-08 15:39:28+05:30,60,,"",,
28,01,001,004,0015,0005,3070,0,,3070,Y,P,123                 ,1,3,  ,0,0,"","",91.43,2,0,0,44.0,91.43,32309,0,16,கடை,"",,,,,,,,,,Y,N,2018-01-08 15:40:15+05:30,60,,"",,
28,01,001,004,0015,0005,3071,0,,3071,Y,P,122                 ,1,3,  ,0,0,"","",91.43,2,0,0,41.5,91.43,32310,0,16,கடை,"",,,,,,,,,,Y,N,2018-01-08 15:41:05+05:30,60,,"",,
28,01,001,004,0015,0005,3072,1,,3072/PT,Y,P,120                 ,1,3,  ,0,0,"","",91.43,2,0,0,39.5,91.43,32311,0,16,மாடிவீடு,"",,,,,,,,,,Y,N,2018-01-08 15:41:50+05:30,60,,"",,
28,01,001,004,0015,0005,3072,2,,3072/PT,Y,P,121                 ,1,3,  ,0,0,"","",91.43,2,0,0,46.0,91.43,32312,0,16,கடை,"",,,,,,,,,,Y,N,2018-01-08 15:42:41+05:30,60,,"",,
28,01,001,004,0015,0005,3073,0,,3073,Y,P,129                 ,1,3,  ,0,0,"","",91.43,2,0,1,37.0,91.43,32313,0,16,மாடிவீடு,"",,,,,,,,,,Y,N,2018-01-08 15:44:51+05:30,60,,"",,
28,01,001,004,0015,0005,3074,0,,3074,Y,P,130                 ,1,3,  ,0,0,"","",91.43,2,0,1,77.0,91.43,32314,0,16,மாடிவீடு,"",,,,,,,,,,Y,N,2018-01-08 15:44:21+05:30,60,,"",,
28,01,001,004,0015,0005,3075,1,,3075/PT,Y,P,134                 ,1,3,  ,0,0,"","",91.43,2,0,0,34.5,91.43,32315,0,16,மாடிவீடு,"",,,,,,,,,,Y,N,2018-01-08 15:45:38+05:30,60,,"",,
28,01,001,004,0015,0005,3075,2,,3075/PT,Y,P,133                 ,1,3,  ,0,0,"","",91.43,2,0,0,82.0,91.43,32316,0,16,மாடிவீடு,"",,,,,,,,,,Y,N,2018-01-08 15:46:33+05:30,60,,"",,
28,01,001,004,0015,0005,3075,3,,3075/PT,Y,P,-                   ,1,3,  ,0,0,"","",91.43,2,0,0,13.0,91.43,32317,0,16,முற்றம்,"",,,,,,,,,,Y,N,2018-01-08 15:47:21+05:30,60,,"",,
28,01,001,004,0015,0005,3075,4,,3075/PT,Y,P,132                 ,1,3,  ,0,0,"","",91.43,2,0,0,18.0,91.43,32318,0,16,மாடிவீடுகடை,"",,,,,,,,,,Y,N,2018-01-08 15:48:14+05:30,60,,"",,
28,01,001,004,0015,0005,3076,1,,3076/PT,Y,P,134                 ,1,3,  ,0,0,"","",91.43,2,0,1,9.0,91.43,32319,0,16,மாடிவீடு,"",,,,,,,,,,Y,N,2018-01-08 15:48:54+05:30,60,,"",,
28,01,001,004,0015,0005,3076,2,,3076/PT,Y,P,-                   ,1,3,  ,0,0,"","",91.43,2,0,0,13.0,91.43,32320,0,16,முற்றம்,"",,,,,,,,,,Y,N,2018-01-08 15:53:04+05:30,60,,"",,
28,01,001,004,0015,0005,3076,3,,3076/PT,Y,P,138                 ,1,3,  ,0,0,"","",91.43,2,0,0,17.5,91.43,32321,0,16,கடை,"",,,,,,,,,,Y,N,2018-01-08 15:53:35+05:30,60,,"",,
28,01,001,004,0015,0005,3077,1,,3077/PT,Y,P,144                 ,1,3,  ,0,0,"","",91.43,2,0,0,43.5,91.43,32322,0,15,மட்டப்பாவீடு,"",,,,,,,,,,Y,N,2018-01-08 15:54:05+05:30,60,,"",,
28,01,001,004,0015,0005,3077,2,,3077/PT,Y,P,-                   ,1,3,  ,0,0,"","",91.43,2,0,0,39.0,91.43,32323,0,16,வட்டக்கிணறு பொதுபாதை,"",,,,,,,,,,Y,N,2018-01-08 15:54:59+05:30,60,,"",,
28,01,001,004,0015,0005,3077,3,,3077/PT,Y,P,143                 ,1,3,  ,0,0,"","",91.43,2,0,0,42.0,91.43,32324,0,16,மட்டப்பாவீடு,"",,,,,,,,,,Y,N,2018-01-08 15:55:46+05:30,60,,"",,
28,01,001,004,0015,0005,3078,1,,3078/PT,Y,P,142                 ,1,3,  ,0,0,"","",91.43,2,0,0,42.0,91.43,32325,0,16,மாடிவீடு,"",,,,,,,,,,Y,N,2018-01-08 15:56:13+05:30,60,,"",,
28,01,001,004,0015,0005,3078,2,,3078/PT,Y,P,-                   ,1,3,  ,0,0,"","",91.43,2,0,0,20.5,91.43,32326,0,16,பொதுமுற்றம்,"",,,,,,,,,,Y,N,2018-01-08 15:56:46+05:30,60,,"",,
28,01,001,004,0015,0005,3079,1,,3079/PT,Y,P,141                 ,1,3,  ,0,0,"","",91.43,2,0,0,39.0,91.43,32327,0,16,மாடிவீடு,"",,,,,,,,,,Y,N,2018-01-08 15:58:40+05:30,60,,"",,
28,01,001,004,0015,0005,3079,2,,3079/PT,Y,P,-                   ,1,3,  ,0,0,"","",91.43,2,0,0,12.5,91.43,32328,0,16,பொதுமுற்றம்,"",,,,,,,,,,Y,N,2018-01-08 15:59:14+05:30,60,,"",,
28,01,001,004,0015,0005,3080,0,,3080,Y,P,139                 ,1,3,  ,0,0,"","",91.43,2,0,0,16.5,91.43,32329,0,16,கடை,"",,,,,,,,,,Y,N,2018-01-08 15:59:43+05:30,60,,"",,
28,01,001,004,0015,0005,3081,1,,3081/PT,Y,P,-                   ,1,3,  ,0,0,"","",91.43,2,0,0,4.0,91.43,32330,0,16,பொதுபாதை,"",,,,,,,,,,Y,N,2018-01-08 16:00:21+05:30,60,,"",,
28,01,001,004,0015,0005,3081,2,,3081/PT,Y,P,140                 ,1,3,  ,0,0,"","",91.43,2,0,0,16.5,91.43,32331,0,16,மட்டப்பாகடை,"",,,,,,,,,,Y,N,2018-01-08 16:01:04+05:30,60,,"",,
28,01,001,004,0015,0005,3082,1,,3082/PT,Y,P,145                 ,1,3,  ,0,0,"","",91.43,2,0,0,26.0,91.43,32332,0,16,மாடிவீடு கடை,"",,,,,,,,,,Y,N,2018-01-08 16:01:37+05:30,60,,"",,
28,01,001,004,0015,0005,3082,2,,3082/PT,Y,P,-                   ,1,3,  ,0,0,"","",91.43,2,0,0,5.0,91.43,32333,0,16,பொதுபாதை,"",,,,,,,,,,Y,N,2018-01-08 16:02:13+05:30,60,,"",,
28,01,001,004,0015,0005,3083,0,,3083,Y,P,145A                ,1,3,  ,0,0,"","",91.43,2,0,1,34.0,91.43,32334,0,16,மட்டப்பாவீடு,"",,,,,,,,,,Y,N,2018-01-08 16:03:50+05:30,60,,"",,
28,01,001,004,0015,0005,3084,1,,3084/PT,Y,P,146                 ,1,3,  ,0,0,"","",91.43,2,0,1,53.0,91.43,32335,0,16,மாடிவீடு,"",,,,,,,,,,Y,N,2018-01-08 16:04:41+05:30,60,,"",,
28,01,001,004,0015,0005,3084,2,,3084/PT,Y,P,146A                ,1,3,  ,0,0,"","",91.43,2,0,0,19.0,91.43,32336,0,16,கடை,"",,,,,,,,,,Y,N,2018-01-08 16:05:47+05:30,60,,"",,
28,01,001,004,0015,0005,3085,1,,3085/PT,Y,P,147                 ,1,3,  ,0,0,"","",91.43,2,0,1,20.0,91.43,32337,0,16,மாடிவீடு,"",,,,,,,,,,Y,N,2018-01-08 16:06:17+05:30,60,,"",,
28,01,001,004,0015,0005,3085,2,,3085/PT,Y,P,-                   ,1,3,  ,0,0,"","",91.43,2,0,0,27.5,91.43,32338,0,16,பொதுசந்து,"",,,,,,,,,,Y,N,2018-01-08 16:06:57+05:30,60,,"",,
28,01,001,004,0015,0005,3086,1,,3086/PT,Y,P,147A                ,1,3,  ,0,0,"","",91.43,2,0,0,13.0,91.43,32339,0,16,மருத்துவமனை,"",,,,,,,,,,Y,N,2018-01-08 16:07:28+05:30,60,,"",,
28,01,001,004,0015,0005,3086,2,,3086/PT,Y,P,-                   ,1,3,  ,0,0,"","",91.43,2,0,0,8.0,91.43,32340,0,16,பொதுசந்து,"",,,,,,,,,,Y,N,2018-01-08 16:09:03+05:30,60,,"",,
28,01,001,004,0015,0005,3086,3,,3086/PT,Y,P,-                   ,1,3,  ,0,0,"","",91.43,2,0,0,5.0,91.43,32341,0,16,பொதுநடைபாதை,"",,,,,,,,,,Y,N,2018-01-08 16:10:01+05:30,60,,"",,
28,01,001,004,0015,0005,3087,1,,3087/PT,Y,P,-                   ,1,3,  ,0,0,"","",91.43,2,0,0,8.0,91.43,32342,0,16,பொதுபாதை,"",,,,,,,,,,Y,N,2018-01-08 16:10:48+05:30,60,,"",,
28,01,001,004,0015,0005,3087,2,,3087/PT,Y,P,148A                ,1,3,  ,0,0,"","",91.43,2,0,0,13.5,91.43,32343,0,16,கடை,"",,,,,,,,,,Y,N,2018-01-08 16:13:48+05:30,60,,"",,
28,01,001,004,0015,0005,3087,3,,3087/PT,Y,P,148                 ,1,3,  ,0,0,"","",91.43,2,0,0,14.5,91.43,32344,0,16,பொதுபாதை,"",,,,,,,,,,Y,N,2018-01-08 16:14:06+05:30,60,,"",,
28,01,001,004,0015,0005,3088,0,,3088,Y,P,"150,151             ",1,3,  ,0,0,"","",91.43,2,0,1,76.5,91.43,32345,0,16,மாடிவீடு,"",,,,,,,,,,Y,N,2018-01-08 16:15:25+05:30,60,,"",,
28,01,001,004,0015,0005,3089,1,,3089/PT,Y,P,-                   ,1,3,  ,0,0,"","",91.43,2,0,0,28.5,91.43,32346,0,16,கடை,"",,,,,,,,,,Y,N,2018-01-08 16:52:42+05:30,60,,"",,
28,01,001,004,0015,0005,3089,2,,3089/PT,Y,P,151A                ,1,3,  ,0,0,"","",91.43,2,0,0,13.5,91.43,32347,0,16,கடை,"",,,,,,,,,,Y,N,2018-01-08 16:53:36+05:30,60,,"",,
28,01,001,004,0015,0005,3089,3,,3089/PT,Y,P,-                   ,1,3,  ,0,0,"","",91.43,2,0,0,13.0,91.43,32348,0,16,கடை,"",,,,,,,,,,Y,N,2018-01-08 16:54:33+05:30,60,,"",,
28,01,001,004,0015,0005,3090,1,,3090/PT,Y,P,31C                 ,1,3,  ,0,0,"","",91.43,2,0,0,0.5,91.43,32349,0,16,முற்றம்,"",,,,,,,,,,Y,N,2018-01-08 16:55:20+05:30,60,,"",,
28,01,001,004,0015,0005,3090,2,,3090/PT,Y,P,31B2                ,1,3,  ,0,0,"","",91.43,2,0,0,2.5,91.43,32350,0,16,கடை,"",,,,,,,,,,Y,N,2018-01-08 16:56:27+05:30,60,,"",,
28,01,001,004,0015,0005,3090,3,,3090/PT,Y,P,31B1                ,1,3,  ,0,0,"","",91.43,2,0,0,2.0,91.43,32351,0,16,கடை,"",,,,,,,,,,Y,N,2018-01-08 16:57:12+05:30,60,,"",,
28,01,001,004,0015,0005,3090,4,,3090/PT,Y,P,153                 ,1,3,  ,0,0,"","",91.43,2,0,0,40.5,91.43,32352,0,16,மாடிமட்டப்பாகடை,"",,,,,,,,,,Y,N,2018-01-08 16:59:21+05:30,60,,"",,
28,01,001,004,0015,0002,3091,0,,3091,Y,P,152                 ,1,3,  ,0,0,"","",91.43,2,0,1,71.0,91.43,32180,0,16,மட்டப்பாவீடு,"",,,,,,,,,,Y,N,2018-01-08 17:00:19+05:30,60,,"",,
28,01,001,004,0015,0002,3092,0,,3092,Y,P,35                  ,1,3,  ,0,0,"","",91.43,2,0,0,38.0,91.43,32181,0,16,மாடிவீடு,"",,,,,,,,,,Y,N,2018-01-08 17:00:56+05:30,60,,"",,
28,01,001,004,0015,0002,3093,0,,3093,Y,P,35                  ,1,3,  ,0,0,"","",91.43,2,0,0,31.0,91.43,32182,0,16,மட்டப்பாவீடு,"",,,,,,,,,,Y,N,2018-01-08 17:01:47+05:30,60,,"",,
28,01,001,004,0015,0002,3094,1,,3094/PT,Y,P,33B                 ,1,3,  ,0,0,"","",91.43,2,0,0,13.0,91.43,32183,0,16,கடை,"",,,,,,,,,,Y,N,2018-01-08 17:02:38+05:30,60,,"",,
28,01,001,004,0015,0002,3094,2,,3094/PT,Y,P,33A                 ,1,3,  ,0,0,"","",91.43,2,0,0,10.0,91.43,32184,0,16,கடை,"",,,,,,,,,,Y,N,2018-01-08 17:03:22+05:30,60,,"",,
28,01,001,004,0015,0002,3095,0,,3095,Y,P,33                  ,1,3,  ,0,0,"","",91.43,2,0,0,16.5,91.43,32185,0,16,மாடிமட்டப்பாவீடு,"",,,,,,,,,,Y,N,2018-01-08 17:03:57+05:30,60,,"",,
28,01,001,004,0015,0002,3096,1,,3096/PT,Y,P,32                  ,1,3,  ,0,0,"","",91.43,2,0,0,10.5,91.43,32186,0,16,கடை,"",,,,,,,,,,Y,N,2018-01-08 17:04:31+05:30,60,,"",,
28,01,001,004,0015,0002,3096,2,,3096/PT,Y,P,31C                 ,1,3,  ,0,0,"","",91.43,2,0,0,84.0,91.43,32187,0,16,மாடிமட்டப்பாவீடு,"",,,,,,,,,,Y,N,2018-01-08 17:05:07+05:30,60,,"",,
28,01,001,004,0015,0002,3096,3,,3096/PT,Y,P,31B2                ,1,3,  ,0,0,00,"",91.43,2,0,0,14.0,91.43,32188,0,16,கடை,"",,,,,,,,,,Y,N,2018-01-08 17:06:17+05:30,60,,"",,
28,01,001,004,0015,0002,3096,4,,3096/PT,Y,P,31B1                ,1,3,  ,0,0,"","",91.43,2,0,0,18.0,91.43,32189,0,16,கடை,"",,,,,,,,,,Y,N,2018-01-08 17:07:28+05:30,60,,"",,
28,01,001,004,0015,0006,3096,5,,3096/PT,Y,P,154                 ,1,3,  ,0,0,"","",91.43,2,0,0,37.0,91.43,32353,0,16,கடை,"",,,,,,,,,,Y,N,2018-01-08 17:08:54+05:30,60,,"",,
28,01,001,004,0015,0006,3096,6,,3096/PT,Y,P,153                 ,1,3,  ,0,0,"","",91.43,2,0,0,3.0,91.43,32354,0,16,கடை,"",,,,,,,,,,Y,N,2018-01-08 17:09:24+05:30,60,,"",,
28,01,001,102,0015,0001,1,1,,98/1,Y,P,-                   ,2,2,  ,0,8,4 ,6 ,0.91,2,0,15,15.5,0.16,59092,0,6,"","Approved.31-03-2025, 12:00:00",,,2025/0154/28/000286,,2025/28/01/000289SD,,,,,N,N,2025-03-31 21:45:43.322286+05:30,60,,வசிப்பிடம்,,""
28,01,001,102,0015,0001,1,2,,98/1,Y,P,-                   ,2,2,  ,0,8,4 ,6 ,0.91,2,0,2,2.5,0.16,65481,0,6,"","Approved.31-03-2025, 12:00:00",,,2025/0154/28/000286,,2025/28/01/000289SD,,,,,N,N,2025-03-31 21:45:43.322286+05:30,60,,வசிப்பிடம்,,""
28,01,001,102,0015,0001,10,0,,98/4,Y,P,-                   ,2,2,  ,0,8,4 ,6 ,0.91,2,0,2,1.0,0.06,59101,0,24,"",2023/0153/28/002107TR DT. 2023-09-16,,,2023/0153/28/002107,,,,,,,N,N,2023-09-16 12:07:50.949+05:30,60,,"",,""
28,01,001,102,0015,0001,11,0,,98/5,Y,P,-                   ,2,2,  ,0,8,4 ,6 ,0.91,2,0,3,59.0,0.06,59102,0,24,"",2025/0153/28/002893TR DT. 2025-08-25,,,2025/0153/28/002893,,,,,,,N,N,2025-08-25 16:36:26.744+05:30,60,,"",,""
28,01,001,102,0015,0001,12,0,,98/6,Y,P,-                   ,2,2,  ,0,8,4 ,6 ,0.91,2,0,4,0.0,0.06,59103,0,24,"","",,,,,,,,,,N,N,2018-02-21 15:02:49+05:30,60,,"",,
28,01,001,102,0015,0001,13,0,,98/1,Y,P,-                   ,2,2,  ,0,8,4 ,6 ,0.91,2,0,2,0.0,0.06,59104,0,24,"",2025/0153/28/000838TR DT. 2025-03-22,,,2025/0153/28/000838,,,,,,,N,N,2025-03-22 19:29:05.374+05:30,60,,"",,""
28,01,001,102,0015,0001,14,0,,98/1,Y,P,-                   ,2,2,  ,0,8,4 ,6 ,0.91,2,0,2,0.0,0.06,59105,0,24,"","",,,,,,,,,,N,N,2018-02-21 15:03:19+05:30,60,,"",,
28,01,001,102,0015,0001,15,0,,98/1,Y,P,-                   ,2,2,  ,0,8,4 ,6 ,0.91,2,0,1,0.0,0.06,59106,0,24,"",2023/0153/28/001198TR DT. 2023-06-12,,,2023/0153/28/001198,,,,,,,N,N,2023-06-12 11:12:13.511+05:30,60,,"",,""
28,01,001,102,0015,0001,16,0,,98/1,Y,P,-                   ,2,2,  ,0,8,4 ,6 ,0.91,2,0,0,75.0,0.06,59107,0,24,"",2023/0153/28/002107TR DT. 2023-09-16,,,2023/0153/28/002107,,,,,,,N,N,2023-09-16 12:07:50.987+05:30,60,,"",,""
28,01,001,102,0015,0001,17,0,,98/1,Y,P,-                   ,2,2,  ,0,8,4 ,6 ,0.91,2,0,0,25.0,0.06,59108,0,24,"",2023/0153/28/002107TR DT. 2023-09-16,,,2023/0153/28/002107,,,,,,,N,N,2023-09-16 12:07:50.991+05:30,60,,"",,""
28,01,001,102,0015,0001,18,0,,"98/1, 98/3, 98/4, 98/5, 61/1, 98/6 ",Y,P,-                   ,2,2,  ,0,8,4 ,6 ,0.91,2,0,20,5.0,0.18,59109,0,  ,ஸ்கீம் ரோடு, 2026/0153/28/001190TR DT. 2026-05-23,,,2026/0153/28/001190,,,,,,,N,N,2026-05-23 16:51:34.748+05:30,60,,"",,""
28,01,001,102,0015,0001,19,0,,98/1,Y,P,-                   ,2,2,  ,0,8,4 ,6 ,0.91,2,0,5,40.0,0.06,59110,0,24,"","",,,,,,,,,,N,N,2018-02-21 15:05:37+05:30,60,,"",,
28,01,001,102,0015,0001,2,0,,98/1,Y,P,-                   ,2,2,  ,0,8,4 ,6 ,0.91,2,0,6,46.0,0.06,59093,0,24,"","",,,,,,,,,,N,N,2018-02-21 14:56:13+05:30,60,,"",,
28,01,001,102,0015,0001,20,0,,98/1,Y,P,-                   ,2,2,  ,0,8,4 ,6 ,0.91,2,0,1,40.0,0.06,59111,0,24,"",2023/0153/28/002107TR DT. 2023-09-16,,,2023/0153/28/002107,,,,,,,N,N,2023-09-16 12:07:50.994+05:30,60,,"",,""
28,01,001,102,0015,0001,21,0,,98/1,Y,P,-                   ,2,2,  ,0,8,4 ,6 ,0.91,2,0,1,0.0,0.06,59112,0,24,"","",,,,,,,,,,N,N,2018-02-21 15:06:03+05:30,60,,"",,
28,01,001,102,0015,0001,22,0,,98/1,Y,P,-                   ,2,2,  ,0,8,4 ,6 ,0.91,2,0,1,0.0,0.06,59113,0,24,"","",,,,,,,,,,N,N,2018-02-21 15:06:28+05:30,60,,"",,
28,01,001,102,0015,0001,23,0,,98/1,Y,P,-                   ,2,2,  ,0,8,4 ,6 ,0.91,2,0,0,25.0,0.06,59114,0,24,"","",,,,,,,,,,N,N,2018-02-21 15:06:42+05:30,60,,"",,
28,01,001,102,0015,0001,24,1,,61-1,Y,P,"",2,2,  ,1,8,4 ,6 ,1.24,2,0,18,70.0,0.25,59115,0,24,"",2023/28/01/000082SD DT. 2023-03-23 15:52:04.771 2026/0153/28/001190TR DT. 2026-05-23,,,2026/0153/28/001190,,2023/28/01/000082SD,,,,,N,N,2026-05-23 16:51:34.752+05:30,60,,"",,""
28,01,001,102,0015,0001,24,2,,61-1,Y,P,-                   ,2,2,  ,1,8,4 ,6 ,1.24,2,0,40,50.0,0.50,59116,0,24,"","",,,,,,,,,,N,N,2018-02-21 15:07:42+05:30,60,,"",,
28,01,001,102,0015,0001,24,3,,61-1,Y,P,"",2,2,  ,1,8,4 ,6 ,1.24,2,0,29,12.2,0.45,59117,0,24,"",2022/0153/28/001206TR DT. 2022-11-07,1075,59117,2022/0153/28/001206,,2022/28/01/000034SD,,,,,N,N,2022-11-07 11:14:40.294+05:30,60,,"",,""
28,01,001,102,0015,0001,24,4,,61-1,,P,"",2,2,,1,8,4 ,6 ,1.24,,0,7,27.8,0.45,65322,0,24,,2022/28/01/000034SD DT. 2022-10-31 11:34:32.356,,,2022/0154/28/000779,,2022/28/01/000034SD,,,,,N,N,2022-10-31 11:34:32.356+05:30,,"","",0.00,
28,01,001,102,0015,0001,24,5,,61-1,,P,"",2,2,,1,8,4 ,6 ,1.24,,0,0,90.0,0.25,65336,0,24,,2023/28/01/000082SD DT. 2023-03-23 15:52:04.771,,,2023/0154/28/000570,,2023/28/01/000082SD,,,,,N,N,2023-03-23 15:52:04.771+05:30,,"","",0.00,
28,01,001,102,0015,0001,24,6,,61-1,,P,"",2,2,,1,8,4 ,6 ,1.24,,0,0,10.0,0.25,65337,0,24,,2023/28/01/000082SD DT. 2023-03-23 15:52:04.771,,,2023/0154/28/000570,,2023/28/01/000082SD,,,,,N,N,2023-03-23 15:52:04.771+05:30,,"","",0.00,
28,01,001,102,0015,0001,25,1,,61/1,Y,P,"",2,2,  ,1,8,4 ,6 ,1.24,2,0,0,10.0,0.20,59118,0,99,பெட்ரோல் பேங்க்,2023/28/01/000083SD DT. 2023-03-23 15:52:20.845,,,2023/0154/28/000571,,2023/28/01/000083SD,,,,,N,N,2023-03-23 15:52:20.845+05:30,60,,"",,
28,01,001,102,0015,0001,25,2,,61/1,,P,"",2,2,,1,8,4 ,6 ,1.24,,0,3,88.0,0.20,65338,0,99,,2023/28/01/000083SD DT. 2023-03-23 15:52:20.845,,,2023/0154/28/000571,,2023/28/01/000083SD,,,,,N,N,2023-03-23 15:52:20.845+05:30,,"","",0.00,
28,01,001,102,0015,0001,25,3,,61/1,,P,"",2,2,,1,8,4 ,6 ,1.24,,0,18,52.0,0.20,65339,0,99,,2023/28/01/000083SD DT. 2023-03-23 15:52:20.845,,,2023/0154/28/000571,,2023/28/01/000083SD,,,,,N,N,2023-03-23 15:52:20.845+05:30,,"","",0.00,
28,01,001,102,0015,0001,26,1,,61/1,Y,P,"",2,2,  ,1,8,4 ,6 ,1.24,2,0,1,0.0,0.06,59119,0,13,"",2023/28/01/000084SD DT. 2023-03-23 15:52:37.683,,,2023/0154/28/000572,,2023/28/01/000084SD,,,,,N,N,2023-03-23 15:52:37.683+05:30,60,,"",,
28,01,001,102,0015,0001,26,2,,61/1,,P,"",2,2,,1,8,4 ,6 ,1.24,,0,1,40.0,0.06,65340,0,13,,2023/28/01/000084SD DT. 2023-03-23 15:52:37.683,,,2023/0154/28/000572,,2023/28/01/000084SD,,,,,N,N,2023-03-23 15:52:37.683+05:30,,"","",0.00,
28,01,001,102,0015,0001,27,0,,17,Y,P,-                   ,1,3,  ,-,0,  ,  ,0.00,2,0,67,50.0,0.00,59120,0,20,ரோடு,"",,,,,,,,,,Y,N,2018-02-21 15:59:53+05:30,60,,"",,
28,01,001,102,0015,0001,28,0,,61/2A,Y,P,109/5B              ,2,2,  ,1,8,4 ,6 ,1.24,2,0,2,50.0,0.06,59121,0,  ,அலுவலக துறை,"",,,,,,,,,,N,N,2006-01-01 05:45:27+05:30,60,,"",,
28,01,001,102,0015,0001,29,0,,61/2A,Y,P,109/5C              ,2,2,  ,1,8,4 ,6 ,1.24,2,0,10,28.0,0.13,59122,0,  ,தானிய கிடங்கு அறை,"",,,,,,,,,,N,N,2018-02-21 16:03:34+05:30,60,,"",,
28,01,001,102,0015,0001,3,0,,98/1,Y,P,-                   ,2,2,  ,0,8,4 ,6 ,0.91,2,0,1,49.0,0.06,59094,0,99,பாதை,"",,,,,,,,,,N,N,2018-02-21 14:56:34+05:30,60,,"",,
28,01,001,102,0015,0001,30,0,,61/2A,Y,P,109/5G              ,2,2,  ,1,8,4 ,6 ,1.24,2,0,46,0.0,0.57,59123,0,24,"","",,,,,,,,,,N,N,2018-02-21 16:03:47+05:30,60,,"",,
28,01,001,102,0015,0001,31,0,,61/2A,Y,P,109/5F              ,2,2,  ,1,8,4 ,6 ,1.24,2,0,10,30.0,0.13,59124,0,  ,தைானிய கிடங்கு அறை,"",,,,,,,,,,N,N,2018-02-21 16:04:12+05:30,60,,"",,
28,01,001,102,0015,0001,32,0,,61/2A,Y,P,109/5E              ,2,2,  ,1,8,4 ,6 ,1.24,2,0,4,68.0,0.06,59125,0,  ,உமி நீக்கும் அறை,"",,,,,,,,,,N,N,2018-02-21 16:04:21+05:30,60,,"",,
28,01,001,102,0015,0001,33,0,,61/2A,Y,P,109/5D              ,2,2,  ,1,8,4 ,6 ,1.24,2,0,5,46.0,0.07,59126,0,  ,கொதி கலம் கிணறு,"",,,,,,,,,,N,N,2018-02-21 16:04:31+05:30,60,,"",,
28,01,001,102,0015,0001,34,0,,61/2A,Y,P,-                   ,2,2,  ,1,8,4 ,6 ,1.24,2,0,18,0.0,0.22,59127,0,24,"","",,,,,,,,,,N,N,2018-02-21 16:05:28+05:30,60,,"",,
28,01,001,102,0015,0001,35,1,,61/2B,Y,P,-                   ,1,3,  ,-,0,  ,  ,0.00,2,0,28,80.0,0.00,59128,0,  ,நகராட்சி ரோடு,"",,,,,,,,,,Y,N,2018-02-21 16:06:23+05:30,60,,"",,
28,01,001,102,0015,0001,35,10,,61/2B,Y,,"",2,2,"",1,8,4 ,6,1.24,,0,4,61.0,1.02,65539,0,6,"","Approved31-10-2025, 12:00:00",,,2025/0154/28/001634,,2025/28/01/000388SD,,,,,N,N,2025-10-31 21:14:24.842975+05:30,,,வசிப்பிடம்,0.00,""
28,01,001,102,0015,0001,35,11,,61/2B,Y,,"",2,2,"",1,8,4 ,6,1.24,,0,27,0.0,1.02,65541,0,6,"","Approved31-10-2025, 12:00:00",,,2025/0154/28/001635,,2025/28/01/000388SD,,,,,N,N,2025-10-31 21:14:24.842975+05:30,,,வசிப்பிடம்,0.00,""
28,01,001,102,0015,0001,35,2A,,61/2B,Y,,"",2,2,"",1,8,4 ,6,1.24,,0,20,97.0,1.02,59130,0,6,"","Approved31-10-2025, 12:00:00 2026/0153/28/001075TR DT. 2026-05-16 2026/0153/28/001076TR DT. 2026-05-16 2026/0153/28/001077TR DT. 2026-05-16",,,2026/0153/28/001077,,2025/28/01/000388SD,,,,,N,N,2026-05-16 08:37:32.07+05:30,,,வசிப்பிடம்,0.00,""
28,01,001,102,0015,0001,35,2B1,,61/2B,Y,P,-                   ,2,2,  ,1,8,4 ,6 ,1.24,2,0,4,98.0,0.06,59131,0,  ,"","",,,,,,,,,,N,N,2018-02-21 16:23:25+05:30,60,,"",,
28,01,001,102,0015,0001,35,2B2,,61/2B,Y,P,                    ,2,2,  ,1,8,4 ,6 ,1.24,2,0,3,5.0,0.06,59132,0,  ,"","",,,,,,,,,,N,N,2018-02-21 16:25:46+05:30,60,,"",,
28,01,001,102,0015,0001,35,2B3,,61/2B,Y,P,                    ,2,2,  ,1,8,4 ,6 ,1.24,2,0,3,75.0,0.06,59133,0,  ,"","",,,,,,,,,,N,N,2018-02-21 16:36:12+05:30,60,,"",,
28,01,001,102,0015,0001,35,2C,,61/2B,Y,P,                    ,2,2,  ,1,8,4 ,6 ,1.24,2,0,3,34.0,0.06,59134,0,  ,"","",,,,,,,,,,N,N,2018-02-21 16:07:21+05:30,60,,"",,
28,01,001,102,0015,0001,35,2D,,61/2B,Y,P,                    ,2,2,  ,1,8,4 ,6 ,1.24,2,0,3,34.0,0.06,59135,0,  ,"","",,,,,,,,,,N,N,2018-02-21 16:07:53+05:30,60,,"",,
28,01,001,102,0015,0001,35,2E,,61/2B,Y,P,                    ,2,2,  ,1,8,4 ,6 ,1.24,2,0,3,34.0,0.06,59136,0,  ,"","",,,,,,,,,,N,N,2018-02-21 16:08:17+05:30,60,,"",,
28,01,001,102,0015,0001,35,2F,,61/2B,Y,P,                    ,2,2,  ,1,8,4 ,6 ,1.24,2,0,3,34.0,0.06,59137,0,  ,"","",,,,,,,,,,N,N,2018-02-21 16:12:48+05:30,60,,"",,
28,01,001,102,0015,0001,35,2G,,61/2B,Y,P,                    ,2,2,  ,1,8,4 ,6 ,1.24,2,0,3,34.0,0.06,59138,0,  ,"","",,,,,,,,,,N,N,2018-02-21 16:13:12+05:30,60,,"",,
28,01,001,102,0015,0001,35,2H,,61/2B,Y,P,                    ,2,2,  ,1,8,4 ,6 ,1.24,2,0,3,30.0,0.06,59139,0,  ,"","",,,,,,,,,,N,N,2018-02-21 16:15:15+05:30,60,,"",,
28,01,001,102,0015,0001,35,2I,,61/2B,Y,P,                    ,2,2,  ,1,8,4 ,6 ,1.24,2,0,3,20.0,0.06,59140,0,  ,"","",,,,,,,,,,N,N,2018-02-21 16:16:03+05:30,60,,"",,
28,01,001,102,0015,0001,35,2J,,61/2B,Y,P,                    ,2,2,  ,1,8,4 ,6 ,1.24,2,0,3,14.0,0.06,59141,0,  ,"","",,,,,,,,,,N,N,2018-02-21 16:16:46+05:30,60,,"",,
28,01,001,102,0015,0001,35,2K,,61/2B,Y,P,                    ,2,2,  ,1,8,4 ,6 ,1.24,2,0,3,4.0,0.06,59142,0,  ,"","",,,,,,,,,,N,N,2018-02-21 16:17:04+05:30,60,,"",,
28,01,001,102,0015,0001,35,2L,,61/2B,Y,P,                    ,2,2,  ,1,8,4 ,6 ,1.24,2,0,2,96.0,0.06,59143,0,  ,"","",,,,,,,,,,N,N,2018-02-21 16:17:11+05:30,60,,"",,
28,01,001,102,0015,0001,35,2M,,61/2B,Y,P,                    ,2,2,  ,1,8,4 ,6 ,1.24,2,0,2,88.0,0.06,59144,0,  ,"","",,,,,,,,,,N,N,2018-02-21 16:17:56+05:30,60,,"",,
28,01,001,102,0015,0001,35,2N,,61/2B,Y,P,                    ,2,2,  ,1,8,4 ,6 ,1.24,2,0,2,80.0,0.06,59145,0,  ,"","",,,,,,,,,,N,N,2018-02-21 16:18:16+05:30,60,,"",,
28,01,001,102,0015,0001,35,2 O,,61/2B,Y,P,                    ,2,2,  ,1,8,4 ,6 ,1.24,2,0,2,70.0,0.06,59129,0,  ,"","",,,,,,,,,,N,N,2017-03-17 17:33:08+05:30,60,,"",,
28,01,001,102,0015,0001,35,2P,,61/2B,Y,P,                    ,2,2,  ,1,8,4 ,6 ,1.24,2,0,2,60.0,0.06,59146,0,  ,"","",,,,,,,,,,N,N,2018-02-21 16:19:09+05:30,60,,"",,
28,01,001,102,0015,0001,35,2Q,,61/2B,Y,P,                    ,2,2,  ,1,8,4 ,6 ,1.24,2,0,2,52.0,0.06,59147,0,  ,"","",,,,,,,,,,N,N,2018-02-21 16:20:33+05:30,60,,"",,
28,01,001,102,0015,0001,35,2R,,61/2B,Y,P,                    ,2,2,  ,1,8,4 ,6 ,1.24,2,0,2,46.0,0.06,59148,0,  ,"",TR.NO/2020/0167/28/003815-2020-09-14 13:21:18.49 Settlement File No : 456_2020 Settlement Approval Date : 2020-03-21,1177,59148,2020/0167/28/003815,,,,,,,N,N,2018-02-21 16:20:44+05:30,60,,"",,
28,01,001,102,0015,0001,35,2S,,61/2B,Y,P,                    ,2,2,  ,1,8,4 ,6 ,1.24,2,0,2,42.0,0.06,59149,0,  ,"",TR.NO/2020/0167/28/003816-2020-09-14 13:22:54.911 Settlement File No : 456_2020 Settlement Approval Date : 2020-03-21,1177,59149,2020/0167/28/003816,,,,,,,N,N,2018-02-21 16:20:57+05:30,60,,"",,
28,01,001,102,0015,0001,35,2T,,61/2B,Y,,"",2,2,"",1,8,"",6,1.24,,0,9,24.4,0.29,59150,0,6,"","Approved03-10-2025, 12:00:00",,,2025/0154/28/001912,,2025/28/01/000385SD,,,,,N,N,2025-10-03 12:08:28.302679+05:30,,,வசிப்பிடம்,0.00,
28,01,001,102,0015,0001,35,3,,61/2B,Y,,"",2,2,"",1,8,"",6,1.24,,0,5,19.6,0.29,65477,0,13,"","Approved.10-01-2025, 12:00:00",,,2024/0154/28/002252,,2025/28/01/000266SD,,,,,N,N,2025-01-10 14:41:47.46657+05:30,,,அலுவலகம்,0.00,
28,01,001,102,0015,0001,35,4,,61/2B,Y,,"",2,2,"",1,8,"",6,1.24,,0,7,56.0,0.29,65535,0,6,"","Approved03-10-2025, 12:00:00",,,2025/0154/28/001912,,2025/28/01/000385SD,,,,,N,N,2025-10-03 12:08:28.302679+05:30,,,வசிப்பிடம்,0.00,
28,01,001,102,0015,0001,35,5,,61/2B,Y,,"",2,2,"",1,8,4 ,6,1.24,,0,13,28.0,1.02,65538,0,6,"","Approved31-10-2025, 12:00:00",,,2025/0154/28/001634,,2025/28/01/000388SD,,,,,N,N,2025-10-31 21:14:24.842975+05:30,,,வசிப்பிடம்,0.00,""
28,01,001,102,0015,0001,35,6,,61/2B,Y,,"",2,2,"",1,8,4 ,6,1.24,,0,3,97.0,1.02,65540,0,6,"","Approved31-10-2025, 12:00:00",,,2025/0154/28/001635,,2025/28/01/000388SD,,,,,N,N,2025-10-31 21:14:24.842975+05:30,,,வசிப்பிடம்,0.00,""
28,01,001,102,0015,0001,35,7,,61/2B,Y,,"",2,2,"",1,8,4 ,6,1.24,,0,3,59.0,1.02,65542,0,6,"","Approved31-10-2025, 12:00:00",,,2025/0154/28/001636,,2025/28/01/000388SD,,,,,N,N,2025-10-31 21:14:24.842975+05:30,,,வசிப்பிடம்,0.00,""
28,01,001,102,0015,0001,35,8,,61/2B,Y,,"",2,2,"",1,8,4 ,6,1.24,,0,4,17.0,1.02,65543,0,6,"","Approved31-10-2025, 12:00:00",,,2025/0154/28/001637,,2025/28/01/000388SD,,,,,N,N,2025-10-31 21:14:24.842975+05:30,,,வசிப்பிடம்,0.00,""
28,01,001,102,0015,0001,35,9,,61/2B,Y,,"",2,2,"",1,8,4 ,6,1.24,,0,4,61.0,1.02,65537,0,6,"","Approved31-10-2025, 12:00:00",,,2025/0154/28/001633,,2025/28/01/000388SD,,,,,N,N,2025-10-31 21:14:24.842975+05:30,,,வசிப்பிடம்,0.00,""
28,01,001,102,0015,0001,36,0,,515,Y,P,                    ,1,3,  , ,0,  ,  ,0.00,2,0,50,0.0,0.00,59151,0,  ,"","",,,,,,,,,,Y,N,2018-08-07 12:13:52+05:30,60,,"",,
28,01,001,102,0015,0001,4,0,,98/1,Y,P,-                   ,2,2,  ,0,8,4 ,6 ,0.91,2,0,2,64.0,0.06,59095,0,24,"","",,,,,,,,,,N,N,2018-02-21 14:59:36+05:30,60,,"",,
28,01,001,102,0015,0001,5,0,,98/1,Y,P,-                   ,2,2,  ,0,8,4 ,6 ,0.91,2,0,2,52.0,0.06,59096,0,24,"","",,,,,,,,,,N,N,2018-02-21 15:00:08+05:30,60,,"",,
28,01,001,102,0015,0001,6,0,,98/1,Y,P,-                   ,2,2,  ,0,8,4 ,6 ,0.91,2,0,7,60.0,0.07,59097,0,99,பொதுபாதை,"",,,,,,,,,,N,N,2018-02-21 15:00:21+05:30,60,,"",,
28,01,001,102,0015,0001,7,0,,98/2,Y,P,-                   ,2,2,  ,0,8,4 ,6 ,0.91,2,0,6,7.0,0.06,59098,0,24,"",TR.NO/2020/0167/28/002611-2020-03-23 15:39:49.469 Settlement File No : SR:A1_2006_2011 Settlement Approval Date : 2011-01-11,1142,59098,2020/0167/28/002611,,,,,,,N,N,2018-02-21 15:00:33+05:30,60,,"",,
28,01,001,102,0015,0001,8,0,,61/1,Y,P,-                   ,2,2,  ,1,8,4 ,6 ,1.24,2,0,1,0.0,0.06,59099,0,24,"", 2026/0153/28/001190TR DT. 2026-05-23,,,2026/0153/28/001190,,,,,,,N,N,2026-05-23 16:51:34.741+05:30,60,,"",,""
28,01,001,102,0015,0001,9,0,,98/3,Y,P,-                   ,2,2,  ,0,8,4 ,6 ,0.91,2,0,2,50.0,0.06,59100,0,24,"","",,,,,,,,,,N,N,2018-02-21 15:01:03+05:30,60,,"",,
28,01,001,103,0015,0001,1,1,,494B/1B1A1A1A PT,,P,                    ,1,3,  ,1,0,  ,  ,0.00,2,0,1,23.0,0.19,60721,0,24,"","",,,,,,,,,,Y,N,2018-02-15 15:17:56+05:30,60,,"",,
28,01,001,103,0015,0001,1,10,,494B/1B1A1A PT,,P,                    ,1,3,  ,1,0,  ,  ,0.00,2,0,2,25.0,0.35,60722,0,24,"","",,,,,,,,,,Y,N,2018-02-15 15:19:26+05:30,60,,"",,
28,01,001,103,0015,0001,1,11,,494B/1B1A1A PT,,P,                    ,1,3,  ,1,0,  ,  ,0.00,2,0,14,88.0,2.30,60723,0,24,"","",,,,,,,,,,Y,N,2018-02-15 15:19:31+05:30,60,,"",,
28,01,001,103,0015,0001,1,2,,494B/1B1A1A PT,,P,                    ,1,3,  ,1,0,  ,  ,0.00,2,0,3,95.0,0.61,60724,0,24,"","",,,,,,,,,,Y,N,2018-02-15 15:18:02+05:30,60,,"",,
28,01,001,103,0015,0001,1,3,,494B/1B1A1A PT,,P,                    ,1,3,  ,1,0,  ,  ,0.00,2,0,3,95.0,0.61,60725,0,24,"","",,,,,,,,,,Y,N,2018-02-15 15:18:08+05:30,60,,"",,
28,01,001,103,0015,0001,1,4,,494B/1B1A1A PT,,P,                    ,1,3,  ,1,0,  ,  ,0.00,2,0,3,95.0,0.61,60726,0,24,"","",,,,,,,,,,Y,N,2018-02-15 15:18:15+05:30,60,,"",,
28,01,001,103,0015,0001,1,5,,494B/1B1A1A PT,,P,                    ,1,3,  ,1,0,  ,  ,0.00,2,0,3,6.0,0.47,60727,0,24,"","",,,,,,,,,,Y,N,2018-02-15 15:18:23+05:30,60,,"",,
28,01,001,103,0015,0001,1,6A,,494B/1B1A1A PT,,P,                    ,1,3,  ,1,0,  ,  ,0.00,2,0,3,70.0,0.57,60728,0,24,"","",,,,,,,,,,Y,N,2018-02-15 15:18:34+05:30,60,,"",,
28,01,001,103,0015,0001,1,6B,,494B/1B1A1A PT,,P,                    ,1,3,  ,1,0,  ,  ,0.00,2,0,3,70.0,0.57,60729,0,24,"","",,,,,,,,,,Y,N,2018-02-15 15:18:42+05:30,60,,"",,
28,01,001,103,0015,0001,1,6C,,494B/1B1A1A PT,,P,                    ,1,3,  ,1,0,  ,  ,0.00,2,0,6,93.0,1.07,60730,0,24,"","",,,,,,,,,,Y,N,2018-02-15 15:18:49+05:30,60,,"",,
28,01,001,103,0015,0001,1,7,,494B/1B1A1A PT,,P,                    ,1,3,  ,1,0,  ,  ,0.00,2,0,2,20.0,0.34,60731,0,24,"","",,,,,,,,,,Y,N,2018-02-15 15:19:07+05:30,60,,"",,
28,01,001,103,0015,0001,1,8,,494B/1B1A1A PT,,P,                    ,1,3,  ,1,0,  ,  ,0.00,2,0,14,56.0,2.25,60732,0,24,"","",,,,,,,,,,Y,N,2018-02-15 15:19:14+05:30,60,,"",,
28,01,001,103,0015,0001,1,9,,494B/1B1A1A PT,,P,                    ,1,3,  ,1,0,  ,  ,0.00,2,0,14,73.0,2.27,60733,0,24,"","",,,,,,,,,,Y,N,2018-02-15 15:19:19+05:30,60,,"",,
28,01,001,103,0015,0001,10,0,,494/1B1A PT,,P,                    ,1,3,  ,1,0,  ,  ,0.00,2,0,71,0.0,0.00,60768,0,24,"","",,,,,,,,,,Y,N,2018-02-15 13:23:53+05:30,60,,"",,
28,01,001,103,0015,0001,11,0,,494B/1B1BPT,,P,                    ,1,3,  ,1,0,  ,  ,0.00,2,0,17,36.0,0.00,60769,0,24,"","",,,,,,,,,,Y,N,2018-02-15 13:24:13+05:30,60,,"",,
28,01,001,103,0015,0001,12,0,,494B/1B1A1APT,,P,                    ,1,3,  ,1,0,  ,  ,0.00,2,0,36,2.0,0.00,60770,0,24,"","",,,,,,,,,,Y,N,2018-02-15 13:24:25+05:30,60,,"",,
28,01,001,103,0015,0001,13,0,,494B/1B2A1APT,,P,                    ,1,3,  ,1,0,  ,  ,0.00,2,0,4,41.0,0.00,60771,0,24,"","",,,,,,,,,,Y,N,2018-02-15 13:24:48+05:30,60,,"",,
28,01,001,103,0015,0001,14,0,,494B/1B2A1APT,,P,                    ,1,3,  ,1,0,  ,  ,0.00,2,0,23,85.0,0.00,60772,0,24,"","",,,,,,,,,,Y,N,2018-02-15 13:25:07+05:30,60,,"",,
28,01,001,103,0015,0001,15,0,,494B/1B2A1APT,,P,                    ,1,3,  ,1,0,  ,  ,0.00,2,0,22,85.0,0.00,60773,0,24,"","",,,,,,,,,,Y,N,2018-02-15 13:25:21+05:30,60,,"",,
28,01,001,103,0015,0001,16,0,,494B/1A1A6,,P,                    ,1,3,  ,1,0,  ,  ,0.00,2,0,10,0.0,0.00,0,0,16,பாதை,"",,,,,,,,,,Y,N,2018-02-15 13:25:45+05:30,60,,பாதை,,
28,01,001,103,0015,0001,17,0,,494B/1B2A1APT,,P,                    ,1,3,  ,1,0,  ,  ,0.00,2,0,65,0.0,1.51,60774,0,24,"","",,,,,,,,,,Y,N,2018-02-15 13:25:54+05:30,60,,"",,
28,01,001,103,0015,0001,18,1,,494B/1B2A1CPT,,P,                    ,1,3,  ,1,0,  ,  ,0.00,2,0,37,87.0,5.85,60775,0,16,"","",,,,,,,,,,Y,N,2018-02-15 13:13:14+05:30,60,,"",,
28,01,001,103,0015,0001,18,2,,494B/1B2A1CPT,,P,                    ,1,3,  ,1,0,  ,  ,0.00,2,0,0,56.0,0.09,60776,0,16,"","",,,,,,,,,,Y,N,2018-02-15 13:13:54+05:30,60,,"",,
28,01,001,103,0015,0001,18,3,,494B/1B2A1CPT,,P,                    ,1,3,  ,1,0,  ,  ,0.00,2,0,0,56.0,0.09,60777,0,16,"","",,,,,,,,,,Y,N,2018-02-15 13:14:13+05:30,60,,"",,
28,01,001,103,0015,0001,19,0,,494B/1B2A2PT,,P,                    ,1,3,  ,1,0,  ,  ,0.00,2,0,39,70.0,0.00,60778,0,24,"","",,,,,,,,,,Y,N,2018-02-15 13:26:13+05:30,60,,"",,
28,01,001,103,0015,0001,2,0,,494B/1B1A1A PT,,P,                    ,1,3,  ,1,0,  ,  ,0.00,2,0,41,90.0,0.00,60734,0,24,"","",,,,,,,,,,Y,N,2018-02-15 13:18:12+05:30,60,,"",,
28,01,001,103,0015,0001,20,0,,494B/1B2A2PT,,P,                    ,1,3,  ,1,0,  ,  ,0.00,2,0,39,95.0,0.00,60779,0,24,"","",,,,,,,,,,Y,N,2018-02-15 13:26:28+05:30,60,,"",,
28,01,001,103,0015,0001,21,1,,494B/1B2B PT,,P,                    ,1,3,  ,1,0,  ,  ,0.00,2,0,17,90.0,0.00,60780,0,16,"","",,,,,,,,,,Y,N,2017-03-25 15:35:51+05:30,60,,"",,
28,01,001,103,0015,0001,21,2,,494B/1B2B PT,,P,                    ,1,3,  ,1,0,  ,  ,0.00,2,0,30,10.0,0.00,60781,0,16,"","",,,,,,,,,,Y,N,2017-03-25 15:39:13+05:30,60,,"",,
28,01,001,103,0015,0001,21,3,,494B/1B2B PT,,P,                    ,1,3,  ,1,0,  ,  ,0.00,2,0,4,1.0,0.00,60782,0,16,"","",,,,,,,,,,Y,N,2017-03-25 15:40:45+05:30,60,,"",,
28,01,001,103,0015,0001,22,1,,494B/1B2B PT,,P,107C                ,1,3,  ,1,0,  ,  ,0.00,2,0,0,76.0,0.00,60783,0,36,"","",,,,,,,,,,Y,N,2018-02-15 13:26:52+05:30,60,,"",,
28,01,001,103,0015,0001,22,2,,494B/1B2B PT,,P,                    ,1,3,  ,1,0,  ,  ,0.00,2,0,1,38.0,0.22,60784,0,16,"","",,,,,,,,,,Y,N,2018-02-15 13:27:02+05:30,60,,"",,
28,01,001,103,0015,0001,23,0,,494B/1B2C PT,,P,107                 ,1,3,  ,1,0,  ,  ,0.00,2,0,2,12.0,0.00,60785,0,21,"","",,,,,,,,,,Y,N,2018-02-15 13:27:52+05:30,60,,"",,
28,01,001,103,0015,0001,24,1,,494B/1B2C PT,,P,                    ,1,3,  ,1,0,  ,  ,0.00,2,0,0,60.0,0.09,60786,0,16,"","",,,,,,,,,,Y,N,2018-02-15 13:28:12+05:30,60,,"",,
28,01,001,103,0015,0001,24,2,,494B/1B2C PT,,P,                    ,1,3,  ,1,0,  ,  ,0.00,2,0,1,66.0,0.26,60787,0,21,"","",,,,,,,,,,Y,N,2018-02-15 13:28:50+05:30,60,,"",,
28,01,001,103,0015,0001,25,0,,494B/1B2C PT,,P,107E                ,1,3,  ,1,0,  ,  ,0.00,2,0,1,63.0,0.00,60788,0,21,"","",,,,,,,,,,Y,N,2018-02-15 13:29:04+05:30,60,,"",,
28,01,001,103,0015,0001,26,0,,494B/1B2C PT,,P,107E                ,1,3,  ,1,0,  ,  ,0.00,2,0,4,25.0,0.00,60789,0,21,"","",,,,,,,,,,Y,N,2018-02-15 13:29:14+05:30,60,,"",,
28,01,001,103,0015,0001,27,0,,494B/1B2C PT,,P,107A                ,1,3,  ,1,0,  ,  ,0.00,2,0,1,97.0,0.00,60790,0,36,"","",,,,,,,,,,Y,N,2018-02-15 13:29:36+05:30,60,,"",,
28,01,001,103,0015,0001,28,0,,494B/1B2C PT,,P,107B                ,1,3,  ,1,0,  ,  ,0.00,2,0,2,4.0,0.00,60791,0,16,"","",,,,,,,,,,Y,N,2018-02-15 13:30:23+05:30,60,,வீடு,,
28,01,001,103,0015,0001,29,1,,494B/1B2C PT,,P,107                 ,1,3,  ,1,0,  ,  ,0.00,2,0,1,55.0,0.24,60792,0,36,"","",,,,,,,,,,Y,N,2018-02-15 13:30:34+05:30,60,,"",,
28,01,001,103,0015,0001,29,2,,494B/1B2C PT,,P,107                 ,1,3,  ,1,0,  ,  ,0.00,2,0,1,54.0,0.24,60793,0,16,"","",,,,,,,,,,Y,N,2018-02-15 13:30:44+05:30,60,,"",,
28,01,001,103,0015,0001,3,1,,494B/1B1A1A PT,,P,                    ,1,3,  ,1,0,  ,  ,0.00,2,0,1,68.0,0.25,60735,0,24,"","",,,,,,,,,,Y,N,2018-02-15 13:18:26+05:30,60,,"",,
28,01,001,103,0015,0001,3,2,,494B/1B1A1A PT,,P,                    ,1,3,  ,1,0,  ,  ,0.00,2,0,17,72.0,2.75,60736,0,24,"","",,,,,,,,,,N,N,2018-02-15 13:18:34+05:30,60,,"",,
28,01,001,103,0015,0001,30,1A,,494B/1B2C PT,,P,107                 ,1,3,  ,1,0,  ,  ,0.00,2,0,3,10.0,0.48,60794,0,16,"","",,,,,,,,,,Y,N,2017-03-25 16:00:41+05:30,60,,"",,
28,01,001,103,0015,0001,30,1B,,494B/1B2C PT,,P,107                 ,1,3,  ,1,0,  ,  ,0.00,2,0,4,45.0,0.69,60795,0,16,"","",,,,,,,,,,Y,N,2017-03-25 16:03:05+05:30,60,,"",,
28,01,001,103,0015,0001,30,2,,494B/1B2C PT,,P,                    ,1,3,  ,1,0,  ,  ,0.00,2,0,2,45.0,0.37,60796,0,16,"","",,,,,,,,,,Y,N,2017-03-27 10:42:15+05:30,60,,"",,
28,01,001,103,0015,0001,30,3,,494B/1B2C PT,,P,                    ,1,3,  ,1,0,  ,  ,0.00,2,0,2,27.0,0.35,60797,0,16,"","",,,,,,,,,,Y,N,2017-03-27 10:45:15+05:30,60,,"",,
28,01,001,103,0015,0001,30,4,,494B/1B2C PT,,P,                    ,1,3,  ,1,0,  ,  ,0.00,2,0,0,86.0,0.13,60798,0,16,"","",,,,,,,,,,Y,N,2017-03-27 10:46:16+05:30,60,,"",,
28,01,001,103,0015,0001,31,1,,494B/1B2C PT,,P,                    ,1,3,  ,1,0,  ,  ,0.00,2,0,3,48.0,0.54,60799,0,16,"","",,,,,,,,,,N,N,2018-02-15 13:31:31+05:30,60,,"",,
28,01,001,103,0015,0001,31,2,,494B/1B2C PT,,P,                    ,1,3,  ,1,0,  ,  ,0.00,2,0,2,33.0,0.36,60800,0,24,"","",,,,,,,,,,N,N,2018-02-15 13:31:41+05:30,60,,"",,
28,01,001,103,0015,0001,32,0,,494B/1B1C PT,,P,                    ,1,3,  ,1,0,  ,  ,0.00,2,0,8,24.0,0.00,60801,0,24,"","",,,,,,,,,,N,N,2018-02-15 13:32:00+05:30,60,,"",,
28,01,001,103,0015,0001,33,0,,494B/1B1C PT,,P,                    ,1,3,  ,1,0,  ,  ,0.00,2,0,18,35.0,0.00,60802,0,24,"","",,,,,,,,,,N,N,2018-02-15 13:33:02+05:30,60,,"",,
28,01,001,103,0015,0001,34,0,,"494B/1B1C ,1B1BPT",,P,                    ,1,3,  ,1,0,  ,  ,0.00,2,0,18,24.0,0.00,60803,0,24,"","",,,,,,,,,,N,N,2018-02-15 13:33:16+05:30,60,,"",,
28,01,001,103,0015,0001,35,0,,"494B/1B1C,1B1B PT",,P,                    ,1,3,  , ,0,  ,  ,0.00,2,0,14,46.0,0.00,60804,0,16,பாதை,"",,,,,,,,,,Y,N,2018-02-15 13:33:41+05:30,60,,பாதை,,
28,01,001,103,0015,0001,36,0,,494B/1B1BPT,,P,                    ,1,3,  ,1,0,  ,  ,0.00,2,0,4,8.0,0.00,60805,0,24,"","",,,,,,,,,,N,N,2018-02-15 13:34:02+05:30,60,,"",,
28,01,001,103,0015,0001,37,0,,494B/1B1BPT,,P,                    ,1,3,  ,1,0,  ,  ,0.00,2,0,2,2.0,0.00,60806,0,24,"","",,,,,,,,,,N,N,2018-02-15 13:34:22+05:30,60,,"",,
28,01,001,103,0015,0001,38,0,,494B/1B1BPT,,P,                    ,1,3,  ,1,0,  ,  ,0.00,2,0,2,5.0,0.00,60807,0,24,"","",,,,,,,,,,N,N,2018-02-15 13:34:47+05:30,60,,"",,
28,01,001,103,0015,0001,39,0,,494B/1B1BPT,,P,                    ,1,3,  ,1,0,  ,  ,0.00,2,0,2,2.0,0.00,60808,0,24,"","",,,,,,,,,,N,N,2018-02-15 13:35:07+05:30,60,,"",,
28,01,001,103,0015,0001,4,0,,494B/1B1A3,,P,                    ,1,3,  ,1,0,  ,  ,0.00,2,0,19,34.0,0.00,60737,0,24,"","",,,,,,,,,,N,N,2018-02-15 13:21:11+05:30,60,,"",,
28,01,001,103,0015,0001,40,0,,494B/1B1BPT,,P,                    ,1,3,  ,1,0,  ,  ,0.00,2,0,2,7.0,0.00,60809,0,24,"","",,,,,,,,,,N,N,2018-02-15 13:35:20+05:30,60,,"",,
28,01,001,103,0015,0001,41,0,,494B/1B1BPT,,P,                    ,1,3,  ,1,0,  ,  ,0.00,2,0,2,6.0,0.00,60810,0,24,"","",,,,,,,,,,N,N,2018-02-15 13:36:43+05:30,60,,"",,
28,01,001,103,0015,0001,42,0,,494B/1B1BPT,,P,                    ,1,3,  ,1,0,  ,  ,0.00,2,0,2,10.0,0.00,60811,0,24,"","",,,,,,,,,,N,N,2018-02-15 14:42:54+05:30,60,,"",,
28,01,001,103,0015,0001,43,0,,494B/1B1CPT,,P,                    ,1,3,  ,1,0,  ,  ,0.00,2,0,4,25.0,0.00,60812,0,24,"","",,,,,,,,,,N,N,2018-02-15 14:43:04+05:30,60,,"",,
28,01,001,103,0015,0001,44,0,,494B/1B1CPT,,P,                    ,1,3,  ,1,0,  ,  ,0.00,2,0,2,15.0,0.00,60813,0,24,"","",,,,,,,,,,N,N,2018-02-15 14:43:21+05:30,60,,"",,
28,01,001,103,0015,0001,45,0,,494B/1B1CPT,,P,                    ,1,3,  ,1,0,  ,  ,0.00,2,0,2,6.0,0.00,60814,0,24,"","",,,,,,,,,,N,N,2018-02-15 14:43:49+05:30,60,,"",,
28,01,001,103,0015,0001,46,0,,494B/1B1CPT,,P,                    ,1,3,  ,1,0,  ,  ,0.00,2,0,2,12.0,0.00,60815,0,24,"","",,,,,,,,,,N,N,2018-02-15 14:44:11+05:30,60,,"",,
28,01,001,103,0015,0001,47,0,,494B/1B1CPT,,P,                    ,1,3,  ,1,0,  ,  ,0.00,2,0,4,24.0,0.00,60816,0,24,"","",,,,,,,,,,N,N,2018-02-15 14:44:33+05:30,60,,"",,
28,01,001,103,0015,0001,48,0,,494B/1B1CPT,,P,                    ,1,3,  ,1,0,  ,  ,0.00,2,0,7,97.0,0.00,60817,0,24,"","",,,,,,,,,,N,N,2018-02-15 14:45:04+05:30,60,,"",,
28,01,001,103,0015,0001,49,0,,494B/1B1CPT,N,P,"",1,3,"",1,0,"","",0.00,2,0,4,8.0,0.00,60818,0,99,"","",,,,,,,,,,Y,Y,2018-10-10 15:36:08.031+05:30,60,,கிணறும்,0.00,
28,01,001,103,0015,0001,5,4A,,494B/1B1A1A PT,,P,                    ,2,2,  ,1,0,  ,  ,0.00,2,0,92,80.0,0.00,60738,0,6,"","Approved28-05-2026, 12:00:00",,,2026/0154/28/000530,,2026/28/01/000496SD,,,,,N,N,2026-05-28 07:23:53.754608+05:30,60,,வசிப்பிடம்,,""
28,01,001,103,0015,0001,5,4B,,494B/1B1A1A PT,,P,                    ,2,2,  ,1,0,  ,  ,0.00,2,0,1,61.0,0.00,60739,0,16,"","",,,,,,,,,,N,N,2018-02-15 15:08:03+05:30,60,,"",,
28,01,001,103,0015,0001,5,4C,,494B/1B1A1A PT,,P,                    ,2,2,  ,1,0,  ,  ,0.00,2,0,2,42.0,0.00,60740,0,16,"","",,,,,,,,,,N,N,2018-02-15 15:08:43+05:30,60,,"",,
28,01,001,103,0015,0001,5,4D,,494B/1B1A1A PT,,P,                    ,2,2,  ,1,0,  ,  ,0.00,2,0,4,0.0,0.00,60741,0,16,"","",,,,,,,,,,N,N,2018-02-15 15:07:24+05:30,60,,"",,
28,01,001,103,0015,0001,5,5,,494B/1B1A1A PT,,P,                    ,2,2,  ,1,0,  ,  ,0.00,2,0,1,0.0,0.00,65729,0,6,"","Approved28-05-2026, 12:00:00",,,2026/0154/28/000685,,2026/28/01/000496SD,,,,,N,N,2026-05-28 07:23:53.754608+05:30,60,,வசிப்பிடம்,,""
28,01,001,103,0015,0001,50,0,,494B/1B1CPT,,P,                    ,1,3,  ,1,0,  ,  ,0.00,2,0,2,7.0,0.00,60819,0,24,"","",,,,,,,,,,N,N,2018-02-15 14:45:56+05:30,60,,"",,
28,01,001,103,0015,0001,51,0,,494B/1B1BPT,,P,                    ,1,3,  ,1,0,  ,  ,0.00,2,0,2,3.0,0.00,60820,0,24,"","",,,,,,,,,,N,N,2018-02-15 14:46:11+05:30,60,,"",,
28,01,001,103,0015,0001,52,0,,494B/1B1BPT,,P,                    ,1,3,  ,1,0,  ,  ,0.00,2,0,1,99.0,0.00,60821,0,24,"","",,,,,,,,,,N,N,2018-02-15 14:46:28+05:30,60,,"",,
28,01,001,103,0015,0001,53,0,,494B/1B1BPT,,P,                    ,1,3,  ,1,0,  ,  ,0.00,2,0,2,3.0,0.00,60822,0,24,"","",,,,,,,,,,N,N,2018-02-15 14:46:51+05:30,60,,"",,
28,01,001,103,0015,0001,54,0,,494B/1B1BPT,,P,                    ,1,3,  ,1,0,  ,  ,0.00,2,0,19,83.0,0.00,60823,0,24,"","",,,,,,,,,,N,N,2018-02-15 14:47:12+05:30,60,,"",,
28,01,001,103,0015,0001,55,0,,494B/1B1BPT,,P,                    ,1,3,  ,1,0,  ,  ,0.00,2,0,2,2.0,0.00,60824,0,24,"","",,,,,,,,,,N,N,2018-02-15 14:48:46+05:30,60,,"",,
28,01,001,103,0015,0001,56,0,,494B/1B1BPT,,P,                    ,1,3,  ,1,0,  ,  ,0.00,2,0,2,0.0,0.00,60825,0,24,"","",,,,,,,,,,N,N,2018-02-15 14:49:05+05:30,60,,"",,
28,01,001,103,0015,0001,57,0,,494B/1B1BPT,,P,                    ,1,3,  ,1,0,  ,  ,0.00,2,0,4,13.0,0.00,60826,0,24,"","",,,,,,,,,,N,N,2018-02-15 14:49:22+05:30,60,,"",,
28,01,001,103,0015,0001,58,0,,"494B/1B1B,1B1C PT",,P,                    ,1,3,  , ,0,  ,  ,0.00,2,0,14,51.0,0.00,60827,0,16,"","",,,,,,,,,,Y,N,2018-02-15 14:50:05+05:30,60,,பாதை,,
28,01,001,103,0015,0001,59,0,,494B/1B1B PT,,P,                    ,1,3,  , ,0,  ,  ,0.00,2,0,3,98.0,0.00,60828,0,24,"","",,,,,,,,,,Y,N,2018-02-15 14:51:03+05:30,60,,"",,
28,01,001,103,0015,0001,6,1,,"494B/1B1B,1B1C PT",,P,                    ,2,2,  ,1,0,  ,  ,0.00,2,0,57,59.1,0.00,60742,0,6,"",2025/0153/28/005405TR DT. 2026-01-20 2026/0153/28/000340TR DT. 2026-02-23 2026/0153/28/000648TR DT. 2026-03-11 2026/0153/28/001056TR DT. 2026-05-15 2026/0153/28/001057TR DT. 2026-05-15,,,2026/0153/28/001057,,2025/28/01/000396SD,,,,,N,N,2026-05-15 20:28:05.561+05:30,60,,வசிப்பிடம்,,""
28,01,001,103,0015,0001,6,2,,"",,,"",2,2,  ,1,0,  ,"",0.00,,0,1,1.0,0.00,60743,0,16,"",2023/0153/28/001492TR DT. 2023-07-27,,,2023/0153/28/001492,,,,,,,N,N,2023-07-27 19:25:49.879+05:30,,,"",0.00,""
28,01,001,103,0015,0001,6,3,,"494B/1B1B,1B1C PT",,P,                    ,2,2,  ,1,0,  ,  ,0.00,2,0,1,1.5,0.00,65544,0,24,"","ok27-06-2024, 12:00:00",,,2024/0154/28/001095,,2024/28/01/000222SD,,,,,N,N,2024-06-27 18:43:16.658655+05:30,60,,பாதை,,""
28,01,001,103,0015,0001,6,4,,"494B/1B1B,1B1C PT",,P,                    ,2,2,  ,1,0,  ,  ,0.00,2,0,1,1.4,0.00,65608,0,6,"","Approved.04-09-2025, 12:00:00",,,2025/0154/28/001672,,2025/28/01/000372SD,,,,,N,N,2025-09-04 21:18:48.904886+05:30,60,,வசிப்பிடம்,,""
28,01,001,103,0015,0001,6,5,,"494B/1B1B,1B1C PT",,P,                    ,2,2,  ,1,0,  ,  ,0.00,2,0,0,61.0,0.00,65633,0,6,"","Approved.30-11-2025, 12:00:00",,,2025/0154/28/002080,,2025/28/01/000396SD,,,,,N,N,2025-11-30 17:22:19.779383+05:30,60,,வசிப்பிடம்,,""
28,01,001,103,0015,0001,6,6,,"494B/1B1B,1B1C PT",,P,                    ,2,2,  ,1,0,  ,  ,0.00,2,0,0,41.0,0.00,65634,0,6,"",2025/0153/28/004814TR DT. 2025-12-13,,,2025/0153/28/004814,,2025/28/01/000396SD,,,,,N,N,2025-12-13 00:23:01.963+05:30,60,,வசிப்பிடம்,,""
28,01,001,103,0015,0001,60,0,,494B/1B1B PT,,P,                    ,1,3,  , ,0,  ,  ,0.00,2,0,4,2.0,0.00,60829,0,24,"","",,,,,,,,,,Y,N,2018-02-15 14:51:18+05:30,60,,"",,
28,01,001,103,0015,0001,61,0,,494B/1B1B PT,,P,                    ,1,3,  , ,0,  ,  ,0.00,2,0,4,2.0,0.00,60830,0,24,"","",,,,,,,,,,Y,N,2018-02-15 14:51:36+05:30,60,,"",,
28,01,001,103,0015,0001,62,0,,494B/1B1B PT,,P,                    ,1,3,  , ,0,  ,  ,0.00,2,0,4,6.0,0.00,60831,0,24,"","",,,,,,,,,,Y,N,2018-02-15 14:51:58+05:30,60,,"",,
28,01,001,103,0015,0001,63,0,,"494B/1B1B, 1B1CPT",,P,                    ,1,3,  , ,0,  ,  ,0.00,2,0,4,4.0,0.00,60832,0,24,"","",,,,,,,,,,Y,N,2018-02-15 14:52:14+05:30,60,,"",,
28,01,001,103,0015,0001,64,0,,494B/1B1CPT,,P,                    ,1,3,  , ,0,  ,  ,0.00,2,0,4,6.0,0.00,60833,0,24,"","",,,,,,,,,,Y,N,2018-02-15 14:52:30+05:30,60,,"",,
28,01,001,103,0015,0001,65,0,,494B/1B1CPT,,P,                    ,1,3,  , ,0,  ,  ,0.00,2,0,4,4.0,0.00,60834,0,24,"","",,,,,,,,,,Y,N,2018-02-15 14:52:45+05:30,60,,"",,
28,01,001,103,0015,0001,66,0,,494B/1B1CPT,,P,                    ,1,3,  , ,0,  ,  ,0.00,2,0,4,4.0,0.00,60835,0,24,"","",,,,,,,,,,Y,N,2018-02-15 14:53:09+05:30,60,,"",,
28,01,001,103,0015,0001,67,0,,494B/1B1CPT,,P,                    ,1,3,  , ,0,  ,  ,0.00,2,0,2,5.0,0.00,60836,0,24,"","",,,,,,,,,,Y,N,2018-02-15 14:53:24+05:30,60,,"",,
28,01,001,103,0015,0001,68,0,,494B/1B1CPT,,P,                    ,1,3,  , ,0,  ,  ,0.00,2,0,8,9.0,0.00,60837,0,24,"","",,,,,,,,,,N,N,2018-02-15 14:53:39+05:30,60,,"",,
28,01,001,103,0015,0001,69,0,,"494B/1B1C, 1B1BPT",,P,                    ,1,3,  , ,0,  ,  ,0.00,2,0,4,11.0,0.00,60838,0,24,"","",,,,,,,,,,N,N,2018-02-15 14:53:55+05:30,60,,"",,
28,01,001,103,0015,0001,7,0,,494B/1B1B PT,,P,                    ,1,3,  ,1,0,  ,  ,0.00,2,0,22,0.0,0.00,60744,0,16,பாதை,"",,,,,,,,,,Y,N,2018-02-15 13:23:08+05:30,60,,பாதை,,
28,01,001,103,0015,0001,70,0,,494B/ 1B1BPT,,P,                    ,1,3,  , ,0,  ,  ,0.00,2,0,8,4.0,0.00,60839,0,24,"","",,,,,,,,,,N,N,2018-02-15 14:54:17+05:30,60,,"",,
28,01,001,103,0015,0001,71,0,,494B/ 1B1BPT,,P,                    ,1,3,  , ,0,  ,  ,0.00,2,0,4,3.0,0.00,60840,0,24,"","",,,,,,,,,,N,N,2018-02-15 14:54:44+05:30,60,,"",,
28,01,001,103,0015,0001,72,0,,494B/ 1B1BPT,,P,                    ,1,3,  , ,0,  ,  ,0.00,2,0,2,0.0,0.00,60841,0,24,"","",,,,,,,,,,N,N,2018-02-15 14:55:24+05:30,60,,"",,
28,01,001,103,0015,0001,73,0,,494B/ 1B1BPT,,P,                    ,1,3,  , ,0,  ,  ,0.00,2,0,2,0.0,0.00,60842,0,24,"","",,,,,,,,,,N,N,2018-02-15 14:55:40+05:30,60,,"",,
28,01,001,103,0015,0001,74,0,,"494B/ 1B1B,1B1C PT",,P,                    ,1,3,  , ,0,  ,  ,0.00,2,0,14,59.0,0.00,60843,0,16,பாதை,"",,,,,,,,,,Y,N,2018-02-15 14:56:02+05:30,60,,பாதை,,
28,01,001,103,0015,0001,75,0,,494B/ 1B1BPT,,P,                    ,1,3,  , ,0,  ,  ,0.00,2,0,4,9.0,0.00,60844,0,24,"","",,,,,,,,,,Y,N,2018-02-15 14:56:14+05:30,60,,"",,
28,01,001,103,0015,0001,76,0,,494B/ 1B1BPT,,P,                    ,1,3,  , ,0,  ,  ,0.00,2,0,4,10.0,0.00,60845,0,24,"","",,,,,,,,,,Y,N,2018-02-15 14:56:29+05:30,60,,"",,
28,01,001,103,0015,0001,77,0,,"494B/ 1B1B,1B1C PT",,P,                    ,1,3,  , ,0,  ,  ,0.00,2,0,57,0.0,0.00,60846,0,24,"","",,,,,,,,,,Y,N,2018-02-15 14:56:45+05:30,60,,"",,
28,01,001,103,0015,0001,78,0,,"494B/1B1B,1B1C PT",,P,                    ,1,3,  , ,0,  ,  ,0.00,2,0,14,70.0,0.00,60847,0,16,பாதை,"",,,,,,,,,,Y,N,2018-02-15 14:57:06+05:30,60,,பாதை,,
28,01,001,103,0015,0001,79,0,,494B/1B1BPT,,P,                    ,1,3,  , ,0,  ,  ,0.00,2,0,8,4.0,0.00,60848,0,24,"","",,,,,,,,,,Y,N,2018-02-15 14:57:18+05:30,60,,"",,
28,01,001,103,0015,0001,8,1A1,,494B/1B1B PT,,P,                    ,1,3,  ,1,0,  ,  ,0.00,2,0,2,38.0,0.37,60745,0,16,"","",,,,,,,,,,Y,N,2018-02-15 15:09:45+05:30,60,,"",,
28,01,001,103,0015,0001,8,1A2,,494B/1B1B PT,,P,                    ,1,3,  ,1,0,  ,  ,0.00,2,0,2,8.0,0.32,60746,0,16,"","",,,,,,,,,,Y,N,2018-02-15 15:09:56+05:30,60,,"",,
28,01,001,103,0015,0001,8,1B,,494B/1B1B PT,,P,                    ,1,3,  ,1,0,  ,  ,0.00,2,0,2,9.0,0.32,60747,0,16,"","",,,,,,,,,,Y,N,2018-02-15 15:10:23+05:30,60,,"",,
28,01,001,103,0015,0001,8,1C,,494B/1B1B PT,,P,                    ,1,3,  ,1,0,  ,  ,0.00,2,0,2,6.0,0.32,60748,0,16,"","",,,,,,,,,,Y,N,2018-02-15 15:10:42+05:30,60,,"",,
28,01,001,103,0015,0001,8,1D,,494B/1B1B PT,,P,                    ,1,3,  ,1,0,  ,  ,0.00,2,0,4,10.0,0.63,60749,0,16,"","",,,,,,,,,,Y,N,2018-02-15 15:10:58+05:30,60,,"",,
28,01,001,103,0015,0001,8,1E,,494B/1B1B PT,,P,                    ,1,3,  ,1,0,  ,  ,0.00,2,0,2,64.0,0.41,60750,0,16,"","",,,,,,,,,,Y,N,2018-02-15 15:11:09+05:30,60,,"",,
28,01,001,103,0015,0001,8,1F,,494B/1B1B PT,,P,                    ,1,3,  ,1,0,  ,  ,0.00,2,0,7,70.0,0.41,60751,0,16,"","",,,,,,,,,,Y,N,2018-02-15 15:11:20+05:30,60,,"",,
28,01,001,103,0015,0001,8,1G,,494B/1B1B PT,,P,                    ,1,3,  ,1,0,  ,  ,0.00,2,0,2,46.0,0.38,60752,0,16,"","",,,,,,,,,,Y,N,2018-02-15 15:11:37+05:30,60,,"",,
28,01,001,103,0015,0001,8,1H,,494B/1B1B PT,,P,                    ,1,3,  ,1,0,  ,  ,0.00,2,0,2,45.0,0.38,60753,0,16,"","",,,,,,,,,,Y,N,2018-02-15 15:13:45+05:30,60,,"",,
28,01,001,103,0015,0001,8,1I,,494B/1B1B PT,,P,                    ,1,3,  ,1,0,  ,  ,0.00,2,0,2,33.0,0.35,60754,0,16,"","",,,,,,,,,,Y,N,2018-02-15 15:13:57+05:30,60,,"",,
28,01,001,103,0015,0001,8,1J,,494B/1B1B PT,,P,                    ,1,3,  ,1,0,  ,  ,0.00,2,0,2,35.0,0.30,60755,0,16,"","",,,,,,,,,,Y,N,2018-02-15 15:14:08+05:30,60,,"",,
28,01,001,103,0015,0001,80,0,,494B/1B1BPT,,P,                    ,1,3,  , ,0,  ,  ,0.00,2,0,16,9.0,0.00,60849,0,24,"","",,,,,,,,,,Y,N,2018-02-15 14:57:36+05:30,60,,"",,
28,01,001,103,0015,0001,81,0,,494B/1B1BPT,,P,                    ,1,3,  , ,0,  ,  ,0.00,2,0,8,5.0,0.00,60850,0,24,"","",,,,,,,,,,Y,N,2018-02-15 14:57:59+05:30,60,,"",,
28,01,001,103,0015,0001,82,0,,494B/1B1CPT,,P,                    ,1,3,  , ,0,  ,  ,0.00,2,0,4,5.0,0.00,60851,0,24,"","",,,,,,,,,,Y,N,2018-02-15 14:59:42+05:30,60,,"",,
28,01,001,103,0015,0001,83,0,,494B/1B1CPT,,P,                    ,1,3,  , ,0,  ,  ,0.00,2,0,8,5.0,0.00,60852,0,24,"","",,,,,,,,,,Y,N,2018-02-15 15:00:08+05:30,60,,"",,
28,01,001,103,0015,0001,84,0,,"494B/1B1C,1B1A1A,1B1D,1B2C PT",,P,                    ,1,3,  , ,0,  ,  ,0.00,2,0,58,53.0,0.00,0,0,16,பாதை,"",,,,,,,,,,Y,N,2018-02-15 15:00:25+05:30,60,,பாதை,,
28,01,001,103,0015,0001,85,0,,494B/1B1B PT,,P,                    ,2,2,  , ,0,  ,  ,0.00,2,0,2,2.0,0.00,60853,0,24,"",2025/0153/28/005633TR DT. 2026-01-30,,,2025/0153/28/005633,,,,,,,N,N,2026-01-30 11:32:36.768+05:30,60,,"",,""
28,01,001,103,0015,0001,86,0,,494B/1B2B PT,,P,                    ,2,2,  , ,0,  ,  ,0.00,2,0,15,50.0,0.00,60854,0,24,"","",,,,,,,,,,N,N,2018-02-15 15:01:11+05:30,60,,"",,
28,01,001,103,0015,0001,87,0,,494B/1B2B PT,,P,                    ,2,2,  , ,0,  ,  ,0.00,2,0,14,57.0,0.00,60855,0,24,"","",,,,,,,,,,N,N,2018-02-15 15:01:30+05:30,60,,"",,
28,01,001,103,0015,0001,88,0,,494B/1B2B PT,,P,                    ,2,2,  , ,0,  ,  ,0.00,2,0,4,3.0,0.00,60856,0,16,சிதம்பர நாடார் மக்களுக்கான பொது பாதை,"",,,,,,,,,,N,N,2018-02-15 15:01:46+05:30,60,,பொதுபாதை,,
28,01,001,103,0015,0001,89,0,,494B/1B2B PT,,P,                    ,2,2,  , ,0,  ,  ,0.00,2,0,1,35.0,0.00,60857,0,16,சிதம்பர நாடார் மக்களுக்கான பொது பாதை,"",,,,,,,,,,N,N,2018-02-15 15:02:13+05:30,60,,பொதுபாதை,,
28,01,001,103,0015,0001,9,1,,494B/1B1B PT,,P,                    ,1,3,  ,1,0,  ,  ,0.00,2,0,1,97.0,0.30,60756,0,16,"","",,,,,,,,,,Y,N,2018-02-15 15:09:21+05:30,60,,"",,
28,01,001,103,0015,0001,9,2A,,"",,P,                    ,1,3,  ,1,0,  ,  ,0.00,2,0,4,36.0,0.68,60758,0,16,"","",,,,,,,,,,Y,N,2018-02-15 15:14:30+05:30,60,,"",,
28,01,001,103,0015,0001,9,2B,,"",,P,                    ,1,3,  ,1,0,  ,  ,0.00,2,0,4,20.0,0.65,60759,0,16,"","",,,,,,,,,,Y,N,2018-02-15 15:14:40+05:30,60,,"",,
28,01,001,103,0015,0001,9,2C,,"",,P,                    ,1,3,  ,1,0,  ,  ,0.00,2,0,0,31.0,0.06,60760,0,16,"","",,,,,,,,,,Y,N,2018-02-15 15:14:54+05:30,60,,"",,
28,01,001,103,0015,0001,9,2D,,"",,P,                    ,1,3,  ,1,0,  ,  ,0.00,2,0,2,2.0,0.06,60761,0,16,"","",,,,,,,,,,Y,N,2018-02-15 15:15:03+05:30,60,,"",,
28,01,001,103,0015,0001,9,2E,,"",,P,                    ,1,3,  ,1,0,  ,  ,0.00,2,0,2,49.0,0.38,60762,0,16,"","",,,,,,,,,,Y,N,2018-02-15 15:15:23+05:30,60,,"",,
28,01,001,103,0015,0001,9,2F,,"",,P,                    ,1,3,  ,1,0,  ,  ,0.00,2,0,0,32.0,0.06,60763,0,16,"","",,,,,,,,,,Y,N,2018-02-15 15:15:30+05:30,60,,"",,
28,01,001,103,0015,0001,9,2G,,"",,P,                    ,1,3,  ,1,0,  ,  ,0.00,2,0,2,3.0,0.31,60764,0,16,"","",,,,,,,,,,Y,N,2018-02-15 15:16:41+05:30,60,,"",,
28,01,001,103,0015,0001,9,2H,,"",,P,                    ,1,3,  ,1,0,  ,  ,0.00,2,0,2,3.0,0.31,60765,0,16,"","",,,,,,,,,,Y,N,2018-02-15 15:16:51+05:30,60,,"",,
28,01,001,103,0015,0001,9,2I,,"",,P,                    ,1,3,  ,1,0,  ,  ,0.00,2,0,2,2.0,0.31,60766,0,16,"","",,,,,,,,,,Y,N,2018-02-15 15:16:59+05:30,60,,"",,
28,01,001,103,0015,0001,9,2J,,"",N,P,"",1,3,"",1,0,"","",0.00,2,0,2,3.0,1.30,60767,0,16,"","",,,,,,,,,,Y,Y,2018-10-10 15:36:59.687+05:30,60,,"",0.00,
28,01,001,103,0015,0001,9,2K,,494B/1B1A1APT,N,,-,1,2,"","",0,"","",1.30,,0,8,40.0,1.30,0,0,16,"","",,,,,,,,,,Y,Y,2018-10-10 15:49:18.611+05:30,,,"",0.00,
28,01,001,103,0015,0001,90,1,,494B/1B1B PT,,,"",2,2,  ,"",0,  ,"",0.00,,0,1,3.5,0.00,60858,0,16,"",2024/0153/28/001460TR DT. 2024-06-01,,,2024/0153/28/001460,,2023/28/01/000057SD,,,,,N,N,2024-06-01 13:24:56.092+05:30,,,"",0.00,""
28,01,001,103,0015,0001,90,2,,494B/1B1B PT,,,"",2,2,,"",0,  ,"",0.00,,0,1,3.5,0.00,65338,0,16,,2023/28/01/000057SD DT. 2023-01-18 19:16:15.451,,,2023/0154/28/000021,,2023/28/01/000057SD,,,,,N,N,2023-01-18 19:16:15.451+05:30,,"","",0.00,
